row ID;row m/z;row retention time;row identity (all IDs);LN-380.mzXML Peak area;
1;277.07342529296875;6.993816666666667;C14H12O6;1.0591346517672427E7;
2;330.3043212890625;8.3907;;5441914.740363617;
3;263.0572204589844;8.58095;;5968243.18506232;
4;362.15447998046875;7.7971;;4875284.91816358;
5;396.80499267578125;4.457066666666666;;4853913.6514611775;
6;326.3077697753906;12.132383333333333;C20H39NO2;3700041.447247134;
7;375.2001953125;8.559816666666668;C13H30N2O10;2797185.2164535807;
8;348.13751220703125;8.432983333333333;;2577748.963443258;
9;330.17108154296875;6.169383333333333;C19H23NO4;2708039.4081980563;
10;362.15447998046875;9.426516666666666;;2353714.2877408024;
11;344.1868591308594;6.782416666666666;C20H25NO4;2300063.8546763933;
12;727.2781982421875;11.0754;C47H38N2O6 - C41H42O12 - C34H46O17 - C29H46N2O19;2478923.4293828304;
13;318.30145263671875;7.839383333333333;;1858678.6217358278;
14;344.1868591308594;5.323816666666667;C20H25NO4;2036506.449956547;
15;453.345703125;4.6261833333333335;;2117843.443974297;
16;792.5985717773438;4.457066666666666;;1569857.7292756934;
17;659.3565673828125;10.039566666666667;C35H50N2O10 - C28H54N2O15;1623856.1829228606;
18;814.58056640625;4.457066666666666;;2839119.784198727;
19;295.2276611328125;10.420066666666665;C18H30O3;1239202.3503867127;
20;477.33685302734375;12.576316666666665;C32H44O3 - C27H44N2O5;1411851.4548181072;
21;298.2746276855469;10.821716666666667;;1031886.7531464957;
22;931.6851196289062;12.576316666666665;;921937.2490477315;
23;701.4956665039062;4.245683333333334;;1623405.5999971917;
24;365.12408447265625;5.958;C18H20O8;1074875.9016196309;
25;326.1756591796875;7.818233333333334;C20H23NO3;1134427.7854650817;
26;295.2276611328125;10.272083333333335;C18H30O3;1509446.3079199195;
27;397.1817321777344;8.58095;C15H28N2O10;1047399.8920158553;
28;340.26080322265625;4.245683333333334;;991273.6444906016;
29;425.2162170410156;11.878716666666666;C22H32O8 - C17H32N2O10;1073690.3019750784;
30;472.3974304199219;8.876900000000001;C27H53NO5;912570.418176508;
31;287.1280822753906;7.0572333333333335;C17H18O4;978634.4267028205;
32;659.3565673828125;11.244516666666668;C40H50O8 - C35H50N2O10 - C28H54N2O15;1075829.5744294338;
33;749.2589721679688;11.646183333333333;C49H36N2O6 - C43H40O12 - C38H40N2O14 - C36H44O17 - C31H44N2O19 - C25H48O25;971974.2502928043;
34;679.5136108398438;4.245683333333334;;792536.2558380134;
35;641.3471069335938;10.631466666666666;C35H48N2O9 - C33H52O12 - C28H52N2O14;995046.3873915961;
36;501.3572082519531;12.851133333333333;C26H48N2O7;578680.5449826715;
37;619.3648071289062;10.631466666666666;C38H50O7 - C33H50N2O9 - C31H54O12 - C26H54N2O14;758389.8219077095;
38;324.2901611328125;11.244516666666668;C20H37NO2;776118.7096617328;
39;301.2171936035156;8.327283333333334;C20H28O2;870801.7546265835;
40;871.5730590820312;19.575166666666668;;1385270.304358199;
41;526.5214233398438;13.400766666666668;;1023177.0852730069;
42;279.2325134277344;9.997283333333334;C18H30O2;859404.0743158028;
43;317.20953369140625;10.272083333333335;C15H28N2O5;763374.7317960189;
44;317.20953369140625;10.4412;C15H28N2O5;740048.6237265607;
45;341.2098083496094;8.327283333333334;C22H28O3 - C17H28N2O5;983880.1766078474;
46;439.35833740234375;12.280366666666668;C30H46O2;774109.5727397517;
47;295.2276611328125;10.546899999999999;C18H30O3;607411.7765832467;
48;287.09185791015625;10.673733333333333;C16H14O5;607885.9436888935;
49;344.3166198730469;8.750066666666667;C20H41NO3;610013.8314555701;
50;711.2805786132812;12.047833333333333;C47H38N2O5 - C41H42O11 - C36H42N2O13 - C34H46O16 - C29H46N2O18;621367.5935565219;
51;372.1814880371094;7.670266666666667;C21H25NO5;548322.9622374873;
52;442.4268493652344;11.0754;C27H55NO3;571562.6042612962;
53;549.3190307617188;13.147083333333335;C29H44N2O8 - C22H48N2O13;559937.5983079228;
54;297.24072265625;11.011983333333335;C18H32O3;711963.8041884769;
55;1475.5303955078125;11.0754;;415366.5315541281;
56;814.58056640625;0.5640000000000001;;392571.72722418193;
57;277.2176513671875;9.363116666666667;;667665.2478923321;
58;328.2845458984375;8.031333333333333;C19H37NO3;415181.828938876;
59;330.17108154296875;6.5921666666666665;C19H23NO4;396437.89259278605;
60;581.2169189453125;9.87045;C41H28N2O2 - C30H32N2O10 - C23H36N2O15;646735.1060849589;
61;386.1977233886719;8.348433333333334;C22H27NO5;451014.81657503685;
62;300.2908630371094;11.794166666666666;;401895.69136189535;
63;429.3759765625;16.38315;C29H48O2;416372.53356043;
64;312.2906494140625;11.519333333333332;;464610.6229200404;
65;472.38153076171875;12.576316666666665;C30H49NO3;336024.1064511681;
66;390.2979431152344;13.147083333333335;C24H39NO3;372651.0394467003;
67;366.16845703125;6.782416666666666;C22H23NO4;548233.9539169931;
68;637.328857421875;11.921;C39H44N2O6 - C32H48N2O11 - C26H52O17;420726.46020364726;
69;749.2589721679688;11.0754;C49H36N2O6 - C43H40O12 - C38H40N2O14 - C36H44O17 - C31H44N2O19 - C25H48O25;554822.9266777355;
70;299.05194091796875;6.993816666666667;;565844.9101851805;
71;1259.7056884765625;10.631466666666666;;363202.0907230805;
72;313.14483642578125;8.158166666666666;;355923.347532288;
73;521.3612670898438;13.50645;;344398.95475732017;
74;685.4364624023438;17.545833333333334;C39H60N2O8;515843.75339293835;
75;317.20953369140625;10.546899999999999;C20H28O3 - C15H28N2O5;330833.01470715046;
76;717.2491455078125;8.432983333333333;;269929.6776331828;
77;831.3031005859375;11.688466666666667;C48H46O13 - C43H46N2O15 - C41H50O18 - C36H50N2O20 - C29H54N2O25 - C30H54O26;364556.52468298713;
78;1475.5303955078125;11.646183333333333;;251231.0921206457;
79;301.178955078125;10.018416666666667;C19H24O3 - C14H24N2O5;384337.6541241174;
80;442.1396484375;9.65905;C12H27NO16;462034.1797664665;
81;623.3131103515625;10.800583333333332;C38H42N2O6 - C31H46N2O11 - C25H50O17;335972.33609137085;
82;344.3166198730469;8.855766666666666;C20H41NO3;311391.6869676554;
83;534.31982421875;13.844683333333334;C33H43NO5;309250.79247460415;
84;316.2864685058594;7.967883333333333;C18H37NO3;321233.5270328368;
85;751.2235107421875;5.958;C33H38N2O18 - C31H42O21 - C26H42N2O23;321485.7488162236;
86;766.54736328125;14.3943;;359380.01602173183;
87;400.3804626464844;9.933866666666667;C24H49NO3;353688.97965649044;
88;771.3746337890625;8.559816666666668;C40H54N2O13 - C38H58O16 - C33H58N2O18;266910.00392284663;
89;752.532470703125;14.267483333333333;;374298.06824811216;
90;288.2902526855469;7.099516666666667;;263958.17490454006;
91;283.16998291015625;7.543433333333334;C19H22O2;363255.43005984573;
92;297.24072265625;10.864;C18H32O3;346166.3325585894;
93;319.2236633300781;11.011983333333335;C15H30N2O5;352380.7250273425;
94;588.4103393554688;3.9497166666666668;;380906.4243024902;
95;384.1346740722656;9.426516666666666;;327689.4430921421;
96;226.95187377929688;21.541166666666665;;304527.2045300251;
97;485.362060546875;12.999116666666668;;316671.4405378441;
98;549.3190307617188;13.041400000000001;C29H44N2O8 - C22H48N2O13;428549.23590021976;
99;341.2098083496094;8.623233333333333;C17H28N2O5;320191.09798584256;
100;681.317626953125;6.169383333333333;;216277.311768707;
101;297.24072265625;11.15995;C18H32O3;276226.4294638684;
102;709.3491821289062;6.782416666666666;C49H44N2O3 - C42H48N2O8 - C35H52N2O13 - C36H52O14 - C29H56O19;307742.975812882;
103;905.68310546875;4.6261833333333335;;296564.4930548235;
104;688.4212646484375;15.875783333333334;C49H53NO2 - C42H57NO7;244395.79735019163;
105;1347.8782958984375;17.567;;263272.46655135794;
106;733.2681274414062;12.068966666666666;C49H36N2O5 - C43H40O11 - C36H44O16 - C31H44N2O18 - C24H48N2O23 - C25H48O24;308999.94081448537;
107;709.266845703125;11.646183333333333;C47H36N2O5 - C41H40O11 - C36H40N2O13 - C34H44O16 - C29H44N2O18 - C22H48N2O23 - C23H48O24;280771.77925149666;
108;614.382568359375;15.0302;C39H51NO5;241643.1206973911;
109;814.58056640625;4.118833333333333;;876503.226091799;
110;348.2889404296875;12.132383333333333;;252053.39470391863;
111;336.2554626464844;8.327283333333334;C20H33NO3;305442.21591854823;
112;641.3471069335938;10.927433333333333;C35H48N2O9 - C33H52O12 - C28H52N2O14;284710.0060589608;
113;277.2176513671875;9.447666666666667;;258230.88151782096;
114;437.1944885253906;8.58095;;270754.1461322006;
115;662.4093627929688;15.833499999999999;C40H55NO7 - C33H59NO12;187529.63737252934;
116;403.23443603515625;11.878716666666666;;260476.30784667825;
117;344.1868591308594;5.5140666666666664;C20H25NO4;268002.2516961959;
118;695.2681884765625;8.432983333333333;;181905.59088571504;
119;360.13641357421875;9.65905;;280832.3760028707;
120;344.1868591308594;7.458866666666666;C20H25NO4;406813.19586541783;
121;792.5985717773438;0.5851500000000001;;240655.40788037088;
122;395.1667785644531;11.7096;C20H26O8 - C15H26N2O10;238039.6592348199;
123;581.2169189453125;10.0607;C41H28N2O2 - C30H32N2O10 - C23H36N2O15;485389.90639514144;
124;304.28570556640625;7.4166;C17H37NO3;247570.64727825983;
125;887.5651245117188;19.1735;;429963.46707672667;
126;332.31640625;8.1793;C19H41NO3;260230.59258374033;
127;1040.7564697265625;4.7530166666666664;;312578.1034467168;
128;659.4318237304688;8.327283333333334;C37H58N2O8;271991.55216319254;
129;575.1156005859375;6.993816666666667;;291326.61247816455;
130;509.8903503417969;4.7530166666666664;;237435.07105358885;
131;740.5299682617188;14.161783333333334;;225043.8999108909;
132;749.3938598632812;8.559816666666668;C49H52N2O5 - C42H56N2O10 - C43H56O11 - C36H60O16 - C31H60N2O18;181048.9519653437;
133;314.3079528808594;12.3015;C19H39NO2;215201.65381512456;
134;764.531494140625;14.077216666666667;;308979.95557736297;
135;527.337890625;13.147083333333335;C32H46O6 - C25H50O11;248329.43211267126;
136;724.5387573242188;14.945633333333335;;254021.1765710436;
137;287.88983154296875;21.71033333333333;;666828.1329162642;
138;709.3491821289062;5.323816666666667;C42H48N2O8 - C35H52N2O13 - C36H52O14 - C29H56O19;215445.980122025;
139;754.5423583984375;13.569866666666666;;384128.27059869573;
140;342.17132568359375;7.2052000000000005;C20H23NO4;236747.78176483128;
141;727.2781982421875;11.646183333333333;C47H38N2O6 - C41H42O12 - C34H46O17 - C29H46N2O19;232785.0178763435;
142;466.1878662109375;8.665516666666667;C26H27NO7 - C19H31NO12;294282.18092043785;
143;339.1938171386719;9.955;C17H26N2O5;278577.50767919683;
144;489.3599548339844;11.477066666666667;C30H48O5;220616.46764868146;
145;439.35833740234375;12.872283333333334;C30H46O2;208427.8452656269;
146;298.2746276855469;10.906266666666665;;239250.09787499718;
147;738.5504150390625;15.32615;;490648.8291147297;
148;304.28570556640625;7.247483333333333;C17H37NO3;201583.95408056688;
149;612.53515625;18.497;;356987.577848814;
150;861.2913818359375;9.65905;;194812.22368368733;
151;283.16998291015625;7.141783333333334;C19H22O2;237702.07446527132;
152;424.1747131347656;7.2052000000000005;C24H25NO6;290318.4498664549;
153;353.2304382324219;6.42305;C15H32N2O7;394997.1824348153;
154;548.3372192382812;14.478866666666667;C34H45NO5;198298.4523150446;
155;619.3648071289062;10.927433333333333;C38H50O7 - C31H54O12 - C26H54N2O14;209560.53995190497;
156;871.5730590820312;19.998;;391160.1714721746;
157;301.10845947265625;8.306133333333333;;210923.43481103648;
158;749.2589721679688;10.9697;C49H36N2O6 - C43H40O12 - C38H40N2O14 - C36H44O17 - C31H44N2O19 - C25H48O25;263916.2509779088;
159;463.2861022949219;13.443033333333334;;209871.3846329346;
160;285.11126708984375;7.480016666666667;C17H16O4 - C12H16N2O6;201801.1186137702;
161;637.3758544921875;10.039566666666667;C44H48N2O2 - C31H56O13 - C26H56N2O15;228505.94612939574;
162;279.1603088378906;10.821716666666667;;315222.9302189943;
163;462.35260009765625;3.9708666666666668;;178348.27932464573;
164;386.1977233886719;6.845833333333333;C22H27NO5;237941.4682128364;
165;420.15838623046875;9.65905;C28H21NO3;208096.3975913405;
166;830.6130981445312;16.7425;;448804.52217505703;
167;328.2845458984375;7.839383333333333;C19H37NO3;219512.38343652227;
168;368.31646728515625;13.147083333333335;C22H41NO3;187614.31530096417;
169;754.5423583984375;14.607383333333333;;213437.7881666287;
170;348.2751770019531;6.42305;C18H37NO5;329512.64412087365;
171;609.18408203125;4.182266666666667;;186712.58219711258;
172;810.6121826171875;0.5851500000000001;;148951.67878857403;
173;462.3220520019531;12.829983333333333;;310542.6861430668;
174;335.1274108886719;8.158166666666666;C16H18N2O6;185130.89015222178;
175;825.3601684570312;7.2052000000000005;C46H52N2O12 - C39H56N2O17 - C40H56O18 - C33H60O23 - C28H60N2O25;166256.78573672468;
176;752.532470703125;13.950383333333333;;216844.84989392103;
177;887.5651245117188;19.448333333333334;;289934.0514593548;
178;353.0804443359375;6.951533333333333;C18H12N2O6 - C11H16N2O11;212922.13354949997;
179;586.514892578125;18.454833333333333;;247860.31806457246;
180;244.20303344726562;0.5851500000000001;;126666.83210522449;
181;697.5279541015625;0.5868166666666668;;149334.25381457503;
182;535.3986206054688;13.612150000000002;C27H54N2O8;200611.20141540343;
183;677.3706665039062;9.743616666666666;C46H48N2O3 - C40H52O9 - C35H52N2O11 - C33H56O14 - C28H56N2O16;155864.69929196217;
184;754.5423583984375;13.443033333333334;;144430.40057025163;
185;518.8944091796875;4.118833333333333;;163829.17998614607;
186;363.2890930175781;11.350216666666666;;177042.38122173975;
187;501.3572082519531;13.12595;;171809.73605188145;
188;610.5203247070312;17.482333333333333;;185102.56205871404;
189;909.5479125976562;19.1735;;288592.18791534787;
190;455.3553771972656;12.576316666666665;C30H46O3;175000.27763122393;
191;479.225830078125;12.047833333333333;C25H34O9 - C20H34N2O11;214244.67034485002;
192;317.20953369140625;5.8523;C20H28O3 - C15H28N2O5;167304.93815203806;
193;745.2817993164062;7.7971;;193086.95370594814;
194;312.1611633300781;8.517533333333335;C19H21NO3;171999.24512286528;
195;299.1283264160156;6.000266666666667;C18H18O4;168213.35678332546;
196;407.7956848144531;4.457066666666666;;253016.68536659205;
197;342.30120849609375;8.263866666666667;C20H39NO3;244437.37344415384;
198;328.2845458984375;7.9256166666666665;C19H37NO3;199612.36281494185;
199;612.37060546875;14.436583333333335;C39H49NO5 - C32H53NO10;150553.5715422983;
200;707.3069458007812;11.181099999999999;C45H42N2O6 - C39H46O12 - C34H46N2O14 - C32H50O17 - C27H50N2O19;171888.48979590042;
201;326.1756591796875;9.7859;C20H23NO3;188542.25742532537;
202;581.2169189453125;10.737150000000002;C41H28N2O2 - C30H32N2O10 - C23H36N2O15;197632.85579539585;
203;326.1756591796875;7.268616666666667;C20H23NO3;224449.34162683113;
204;281.2494812011719;9.130583333333334;C18H32O2;162233.28468383622;
205;405.8087158203125;3.8017499999999997;;147455.87700521824;
206;402.1929931640625;7.2052000000000005;C22H27NO6 - C15H31NO11;179146.99701242044;
207;344.1868591308594;7.184066666666666;C20H25NO4;214845.3841676634;
208;768.5650634765625;14.034933333333333;;136632.41317877363;
209;646.4674072265625;15.199316666666666;;395363.5229652101;
210;629.404296875;14.0138;C43H52N2O2;124027.59938598634;
211;319.2236633300781;10.864;C20H30O3 - C15H30N2O5;174201.0376386699;
212;754.5423583984375;14.734216666666667;;300614.6209800564;
213;754.5423583984375;14.734216666666667;;150944.29176562538;
214;316.2864685058594;7.522283333333333;C18H37NO3;143646.49616729736;
215;277.2176513671875;10.272083333333335;C18H28O2;178613.36386474583;
216;701.4956665039062;0.5640000000000001;;122235.30069325249;
217;527.337890625;13.062533333333333;C32H46O6 - C27H46N2O8 - C25H50O11;193643.98609618976;
218;626.3842163085938;14.924466666666666;C40H51NO5 - C33H55NO10;123945.7161875297;
219;1036.7791748046875;0.5851500000000001;;113504.49823312365;
220;765.3384399414062;7.670266666666667;;123549.74242083727;
221;606.3446044921875;14.436583333333335;C36H47NO7 - C29H51NO12;126403.77247345014;
222;439.35833740234375;11.984416666666668;C30H46O2;179444.31206372028;
223;619.402099609375;10.462349999999999;C39H54O6 - C32H58O11 - C27H58N2O13;175850.91805944982;
224;750.5518188476562;15.1359;;186770.70848022585;
225;319.2236633300781;11.15995;C15H30N2O5;146181.49177160693;
226;293.2113037109375;7.860516666666666;C18H28O3;164066.71559570258;
227;587.230224609375;11.0754;C40H30N2O3 - C34H34O9 - C27H38O14 - C22H38N2O16;192451.43592979558;
228;695.336181640625;12.153533333333334;C41H46N2O8 - C39H50O11 - C34H50N2O13 - C28H54O19;142434.16899250934;
229;310.17938232421875;11.011983333333335;C20H23NO2;158522.49145784587;
230;376.304931640625;8.876900000000001;C20H41NO5;133182.75241618408;
231;768.5650634765625;15.009066666666666;;132651.43037976226;
232;853.2860717773438;11.688466666666667;C50H44O13 - C45H44N2O15 - C43H48O18 - C38H48N2O20 - C31H52N2O25 - C32H52O26 - C27H52N2O28;140561.38483784648;
233;1161.4327392578125;10.0607;;132058.20759722768;
234;677.4429321289062;14.3943;C37H60N2O9;109523.6974575213;
235;931.42626953125;15.072483333333334;;115055.90715572893;
236;217.05047607421875;6.63445;C12H8O4;162010.06966772483;
237;414.298095703125;3.9708666666666668;C26H39NO3;129411.08093969706;
238;348.1587219238281;7.839383333333333;C22H21NO3;155060.95631335358;
239;646.4674072265625;15.262733333333333;;162630.8465462656;
240;663.4528198242188;17.567;;177149.881192625;
241;601.3555908203125;10.927433333333333;C38H48O6 - C31H52O11 - C26H52N2O13;138908.79926992842;
242;931.42626953125;15.495266666666668;;122042.21122979854;
243;584.5062255859375;17.419;;186108.44203049163;
244;628.3988037109375;15.474133333333333;C40H53NO5;109378.49275384675;
245;637.3758544921875;10.14525;C44H48N2O2 - C31H56O13 - C26H56N2O15;133795.93705221612;
246;295.2276611328125;6.42305;C18H30O3;205822.7356231694;
247;283.2064514160156;9.046016666666667;C20H26O;151363.12479211352;
248;203.1805877685547;10.25095;C15H22;177194.60095666628;
249;318.30145263671875;7.7336833333333335;;176799.90956665046;
250;394.164306640625;7.670266666666667;C23H23NO5;174641.19099198916;
251;387.1067810058594;5.936850000000001;;145265.50331668113;
252;277.2176513671875;10.4412;C18H28O2;142099.3928498532;
253;458.3839416503906;8.686649999999998;C26H51NO5;119932.9240645735;
254;535.3986206054688;13.443033333333334;C27H54N2O8;145240.26496093685;
255;429.099365234375;8.79235;C18H20O12 - C13H20N2O14;158911.29084228436;
256;701.3746337890625;9.341966666666668;C48H48N2O3 - C41H52N2O8 - C35H56O14 - C30H56N2O16;120881.1104671016;
257;279.2325134277344;11.011983333333335;C18H30O2;130379.00188818283;
258;740.5299682617188;13.083666666666666;;176432.6089517815;
259;439.35833740234375;14.034933333333333;C30H46O2;150476.4722901012;
260;372.3135681152344;10.546899999999999;C21H41NO4;141598.7622265919;
261;457.2792053222656;10.25095;C24H40O8 - C19H40N2O10;149039.524984682;
262;628.3988037109375;14.457733333333334;C40H53NO5;111914.10034368695;
263;518.3828735351562;13.104816666666666;;94990.58982080196;
264;495.220703125;9.955;C25H34O10 - C20H34N2O12;149453.3293379513;
265;669.35498046875;5.894583333333333;C40H48N2O7 - C33H52N2O12 - C27H56O18;116606.49994560255;
266;328.192138671875;6.5921666666666665;C20H25NO3;140675.47086572164;
267;456.4413146972656;11.455916666666667;C28H57NO3;203312.007337876;
268;893.5562744140625;19.575166666666668;;235897.2600353212;
269;1211.8226318359375;16.023766666666667;;80730.60104146981;
270;428.4115295410156;10.673733333333333;C26H53NO3;142580.0732594003;
271;246.86293029785156;21.668;;331061.9083984397;
272;554.553466796875;13.400766666666668;;178004.22722692747;
273;604.4004516601562;16.00261666666667;C38H53NO5 - C31H57NO10;111297.14221374373;
274;280.2649230957031;12.259233333333333;C18H33NO;110960.93371984837;
275;492.3555908203125;8.454116666666668;C25H49NO8;134319.62231787218;
276;949.4329223632812;15.305016666666667;;80579.4286640303;
277;352.15283203125;6.169383333333333;C21H21NO4;153552.38993225092;
278;730.5498657226562;14.267483333333333;;116571.95968786764;
279;299.1283264160156;8.031333333333333;C18H18O4;123732.59893676754;
280;766.54736328125;14.670800000000002;;114521.85310324047;
281;413.3777160644531;17.376666666666665;C29H48O;176823.0727478048;
282;223.0975341796875;7.6914;;118458.50642425544;
283;622.418701171875;9.27855;C31H59NO11;112811.09783325059;
284;289.1445007324219;7.226333333333333;C17H20O4;124418.849875183;
285;630.4148559570312;16.0449;C40H55NO5;120793.5273874778;
286;756.5608520507812;15.22045;;128243.71617843711;
287;439.35833740234375;12.470633333333334;C30H46O2;202408.09846777303;
288;427.35833740234375;12.999116666666668;C29H46O2;116020.99421490547;
289;453.345703125;4.330233333333334;;202231.08520605517;
290;684.3912353515625;14.839916666666666;C42H53NO7 - C35H57NO12;88980.82176164388;
291;298.348876953125;9.363116666666667;;169948.29333508192;
292;464.3377380371094;4.60505;;129976.38857011354;
293;429.1174621582031;6.972666666666667;C22H20O9 - C17H20N2O11 - C10H24N2O16;105802.68169352747;
294;745.2817993164062;9.426516666666666;;97587.2642684336;
295;501.3572082519531;12.766566666666668;C26H48N2O7;93150.9696249996;
296;590.3828735351562;15.6221;C37H51NO5;110088.85881607943;
297;566.4280395507812;3.9497166666666668;C29H59NO9;120996.23178652953;
298;499.33990478515625;13.654433333333333;C26H46N2O7;127157.11147576933;
299;752.571044921875;15.748933333333333;;186076.738952149;
300;461.364013671875;12.851133333333333;C29H48O4;92241.97369726637;
301;766.579833984375;16.129466666666666;;300479.3856457542;
302;413.26580810546875;14.713083333333334;C21H36N2O6;88088.5691679372;
303;603.1995849609375;9.87045;C32H30N2O10 - C25H34N2O15 - C19H38O21;178311.20898413064;
304;605.2366333007812;13.696716666666667;C34H36O10 - C29H36N2O12 - C22H40N2O17;105981.57337805282;
305;591.42822265625;12.660883333333334;C41H54N2O - C35H58O7;138642.21005529913;
306;326.2701416015625;7.5857;C19H35NO3;91050.18136109879;
307;301.2171936035156;3.5480666666666663;;111366.68105291708;
308;693.4385986328125;13.443033333333334;C48H56N2O2;120211.74409130776;
309;407.1176452636719;8.7712;C16H22O12 - C11H22N2O14;116936.57661399814;
310;299.1283264160156;8.20045;C18H18O4;101370.21242968786;
311;347.11407470703125;7.649116666666667;C18H18O7;124640.28266192632;
312;348.13751220703125;6.507616666666666;C25H17NO;86673.52947151223;
313;373.1854248046875;11.7096;C18H28O8 - C13H28N2O10;97823.15931729221;
314;322.27532958984375;10.483483333333334;C20H35NO2;100939.26266246106;
315;332.31640625;8.263866666666667;C19H41NO3;124838.75469897546;
316;358.1968688964844;11.413633333333333;;119149.00187587077;
317;782.5427856445312;13.104816666666666;;76686.14437384138;
318;515.322265625;10.779433333333333;C33H42N2O3 - C22H46N2O11;103388.25247277725;
319;259.1343994140625;7.94675;C16H18O3;118533.40499781801;
320;288.2902526855469;7.28975;;93466.27558645644;
321;655.3408813476562;8.7712;C39H46N2O7 - C32H50N2O12 - C26H54O18;107662.27626779159;
322;814.58056640625;3.90745;;167781.58284667993;
323;485.362060546875;13.252783333333333;C31H48O4 - C26H48N2O6;117670.23652038594;
324;977.5435180664062;11.878716666666666;;124806.24970584048;
325;575.435302734375;4.2245333333333335;;90898.05531387358;
326;472.3974304199219;8.7712;C27H53NO5;141199.56480676302;
327;654.4019775390625;11.265649999999999;C38H55NO8;109607.03221102792;
328;279.2325134277344;12.42835;C18H30O2;101099.14569647313;
329;616.3983764648438;15.685516666666667;C39H53NO5;115002.5398602666;
330;512.5059814453125;12.999116666666668;;168337.65627642823;
331;549.1912231445312;9.87045;C29H28N2O9 - C27H32O12 - C22H32N2O14;128874.43387231427;
332;362.15447998046875;7.564566666666667;;92725.03801049807;
333;349.26641845703125;3.59035;;86266.1471206056;
334;1443.5489501953125;12.068966666666666;;75575.8016233224;
335;588.3680419921875;14.903333333333334;C37H49NO5;103081.16073709076;
336;305.138916015625;8.919183333333333;C17H20O5;106092.20769317594;
337;641.4281616210938;14.034933333333333;C41H56N2O4 - C35H60O10 - C30H60N2O12;69113.0753533944;
338;316.322265625;8.052466666666668;C19H41NO2;98162.56568957545;
339;959.4576416015625;15.918066666666666;;61263.07273882958;
340;766.54736328125;14.52115;;92689.84903393526;
341;655.3408813476562;5.577483333333333;C39H46N2O7 - C32H50N2O12 - C26H54O18;78380.83554702754;
342;742.5490112304688;14.077216666666667;;83634.86346313474;
343;540.53857421875;13.633283333333333;;89127.0290811761;
344;1237.84033203125;16.0449;;69529.32395827981;
345;317.1761169433594;8.115883333333333;C19H24O4;96331.78235473674;
346;483.34796142578125;13.443033333333334;;100658.11075854512;
347;259.09686279296875;7.374316666666667;C15H14O4;93375.93269488473;
348;350.17095947265625;9.215133333333334;;96370.65376709106;
349;539.3212280273438;10.293233333333335;C24H46N2O11;93678.29014877223;
350;462.3220520019531;12.660883333333334;C27H43NO5;188875.52971264723;
351;486.4176330566406;9.193999999999999;C28H55NO5;84005.1388320327;
352;827.445068359375;11.878716666666666;;69023.16162309979;
353;643.470703125;18.22233333333333;;113489.10088256872;
354;372.3135681152344;10.737150000000002;C21H41NO4;114537.85082542479;
355;215.17576599121094;3.5057833333333335;C11H22N2O2;117624.99332580551;
356;339.2524719238281;9.130583333333334;C20H34O4 - C15H34N2O6;104579.64104388336;
357;461.3027038574219;11.73075;C26H40N2O5;95184.26024127219;
358;301.2171936035156;8.623233333333333;C20H28O2;109120.43333667047;
359;501.3572082519531;13.400766666666668;C26H48N2O7;86280.40198522828;
360;558.4855346679688;17.376666666666665;;111719.11688621718;
361;780.5626831054688;15.051333333333334;;85860.53480087253;
362;353.2304382324219;6.930400000000001;C20H32O5 - C15H32N2O7;116503.27610986307;
363;605.2366333007812;10.166400000000001;C34H36O10 - C29H36N2O12 - C22H40N2O17;89038.218253005;
364;931.6851196289062;13.104816666666666;;53936.9920194099;
365;395.3689880371094;12.555183333333334;C29H46;91813.4647905879;
366;576.3652954101562;15.305016666666667;C36H49NO5;55986.70022305209;
367;271.2432556152344;12.745433333333333;;97563.69024984735;
368;330.17108154296875;6.486466666666667;C19H23NO4;108772.62540063506;
369;245.13778686523438;4.161133333333334;C12H20O5;87674.02964739998;
370;316.2864685058594;7.395449999999999;C18H37NO3;161094.930561096;
371;378.23583984375;3.104133333333333;;100215.23541906728;
372;256.9574279785156;0.7787333333333333;;233680.309565796;
373;301.1426696777344;10.821716666666667;C18H20O4 - C13H20N2O6;143997.6740108949;
374;697.5279541015625;3.59035;;68671.02440364085;
375;673.3056640625;11.223383333333334;C45H40N2O4 - C38H44N2O9 - C39H44O10 - C32H48O15 - C27H48N2O17;79745.00970001229;
376;463.3200378417969;12.195816666666667;C26H42N2O5;85133.11294226098;
377;277.0908508300781;0.5640000000000001;C11H16O8 - C6H16N2O10;32139.694803222672;
378;690.4354858398438;16.446566666666666;C42H59NO7;70470.75934091119;
379;439.35833740234375;11.773016666666667;C30H46O2;115802.85347283883;
380;464.2411804199219;10.885133333333332;C28H33NO5;81384.46553626918;
381;271.1701965332031;7.437733333333333;C18H22O2;88852.05135681156;
382;285.1856689453125;7.2052000000000005;C19H24O2;101873.43872735584;
383;608.4321899414062;16.0449;C38H57NO5;76723.85746604642;
384;629.4219360351562;13.823550000000001;C36H56N2O7 - C34H60O10 - C29H60N2O12;118434.60076855408;
385;782.5775146484375;14.457733333333334;;78774.60215087797;
386;1205.7764892578125;15.0302;;50135.99537384122;
387;792.5985717773438;4.182266666666667;;87638.39439843716;
388;435.2944030761719;3.4212333333333333;C22H42O8;73563.21280291764;
389;1183.409423828125;9.87045;;81813.11814741504;
390;1161.4327392578125;9.87045;;83897.33358639493;
391;630.4148559570312;15.114766666666666;C40H55NO5;79988.14841761767;
392;577.2807006835938;9.65905;C40H36N2O2 - C34H40O8 - C27H44O13 - C22H44N2O15;99822.07555328407;
393;628.3651123046875;12.851133333333333;C39H49NO6 - C32H53NO11;65298.23518261779;
394;714.5492553710938;13.569866666666666;;73132.27729687621;
395;384.1346740722656;7.7971;;115993.48180584719;
396;593.4553833007812;17.017333333333333;C34H60N2O6;74456.1745062258;
397;293.2113037109375;9.65905;C18H28O3;109692.93240771488;
398;540.53857421875;13.738983333333334;;173111.1935494384;
399;407.2631530761719;2.9984333333333333;;87096.26091159071;
400;323.2958068847656;11.350216666666666;C21H38O2;73968.3432371211;
401;430.9148254394531;21.541166666666665;;75013.17105468646;
402;402.3231201171875;9.27855;C22H43NO5;72127.84299694741;
403;257.19110107421875;8.158166666666666;C18H24O;62832.41259899901;
404;490.33966064453125;7.50115;C25H47NO8;67879.38406567408;
405;372.3487854003906;9.236266666666667;C22H45NO3;74003.36468298352;
406;347.11407470703125;5.958;C18H18O7;95400.29786737075;
407;1454.1142578125;15.347283333333333;;79406.14011126722;
408;935.7138671875;12.280366666666668;;47408.10429461747;
409;566.4280395507812;4.541616666666667;;56781.34086912571;
410;501.3572082519531;13.02025;C26H48N2O7;93570.26418212874;
411;615.4600219726562;14.373166666666666;;70616.14079858433;
412;909.5479125976562;19.448333333333334;;116922.47149933022;
413;475.3268127441406;3.59035;;67814.62301464842;
414;459.2583923339844;8.306133333333333;C23H38O9 - C18H38N2O11;63758.96665313764;
415;1209.80712890625;15.664383333333335;;55100.45103788655;
416;490.33966064453125;7.4166;C25H47NO8;62339.46468408215;
417;393.31494140625;16.214033333333333;C28H40O - C23H40N2O3;82522.40466847277;
418;750.5140991210938;13.71785;;132332.51112704485;
419;762.5172729492188;13.485316666666668;;103218.92458113069;
420;584.4447631835938;3.3578166666666664;;61457.29344473276;
421;537.3057861328125;9.616783333333332;;79686.08798107882;
422;512.3380126953125;13.844683333333334;C31H45NO5 - C24H49NO10;67851.47928930567;
423;540.53857421875;13.400766666666668;;110154.73218395976;
424;357.20281982421875;5.112433333333333;C17H28N2O6;55140.48395727556;
425;641.4281616210938;13.844683333333334;C41H56N2O4 - C35H60O10 - C30H60N2O12;59251.679953062936;
426;718.5459594726562;14.161783333333334;;69917.35187170468;
427;322.21173095703125;2.89275;;71963.26582266248;
428;299.25872802734375;9.109433333333333;C18H34O3;72797.33242730655;
429;699.3591918945312;8.7712;C48H46N2O3 - C41H50N2O8 - C35H54O14 - C30H54N2O16 - C28H58O19;77033.48076635759;
430;414.39544677734375;10.293233333333335;C25H51NO3;130237.70243713357;
431;457.3678894042969;13.02025;;72255.18991149902;
432;388.3078918457031;9.405383333333333;C21H41NO5;88107.8108047183;
433;727.2781982421875;9.76475;C47H38N2O6 - C41H42O12 - C34H46O17 - C29H46N2O19;68021.0795797735;
434;375.21624755859375;4.96445;C17H30N2O7;60538.93670251482;
435;294.1788330078125;2.385383333333333;;98468.74713684079;
436;499.33990478515625;12.851133333333333;C26H46N2O7;86149.8431822517;
437;317.20953369140625;12.280366666666668;;89658.98541943393;
438;265.1529846191406;2.4065333333333334;C14H20N2O3;100578.36415792847;
439;240.98818969726562;0.5640000000000001;;55988.26498828125;
440;312.1971740722656;9.912716666666666;C20H25NO2;65176.18815058912;
441;362.26837158203125;12.00555;C22H35NO3;69042.59564843662;
442;362.9277648925781;21.541166666666665;;73160.01576476949;
443;562.35009765625;14.818783333333332;C35H47NO5;67394.91229243453;
444;632.4326171875;16.806;C40H57NO5;74331.61062774606;
445;582.415771484375;16.023766666666667;C36H55NO5 - C29H59NO10;65844.27038721337;
446;446.3584289550781;14.670800000000002;;56082.60772338851;
447;458.3839416503906;8.517533333333335;C26H51NO5;75898.94709332353;
448;337.23638916015625;8.559816666666668;;108184.88626916477;
449;281.2494812011719;9.363116666666667;C18H32O2;73343.83286932323;
450;455.3553771972656;10.0607;;139103.47982519516;
451;285.1856689453125;6.930400000000001;C19H24O2;69950.89129608145;
452;644.4007568359375;9.27855;C33H57NO11;60412.06891059809;
453;604.4004516601562;15.0302;C38H53NO5 - C31H57NO10;60506.646904877256;
454;286.2752685546875;11.117683333333334;C17H35NO2;65280.798773864066;
455;288.2902526855469;6.930400000000001;;70282.38519970713;
456;362.15447998046875;9.553366666666667;;60000.61299121151;
457;606.4174194335938;14.457733333333334;C38H55NO5 - C31H59NO10;57470.752668944195;
458;491.3220520019531;3.5480666666666663;;64877.03325418822;
459;499.33990478515625;12.00555;C26H46N2O7;66063.49303820755;
460;330.3043212890625;7.754816666666667;;79480.55423266596;
461;314.17626953125;7.649116666666667;C19H23NO3;56473.85515180982;
462;293.2113037109375;9.7859;C18H28O3;100883.75404101648;
463;253.1444854736328;4.96445;C14H20O4;59362.42780084243;
464;357.1675109863281;6.718999999999999;C16H24N2O7;61231.52956805423;
465;279.2325134277344;10.187533333333333;C18H30O2;96203.06144915755;
466;246.931884765625;0.6518833333333334;;104305.26426879881;
467;287.1280822753906;5.704316666666667;C17H18O4;64619.03645782495;
468;608.4321899414062;15.114766666666666;C38H57NO5;69176.51195114125;
469;458.36590576171875;12.195816666666667;C29H47NO3;60185.25709661881;
470;388.2844543457031;12.364933333333333;C24H37NO3;63127.74642950424;
471;344.1868591308594;2.829333333333333;C20H25NO4;60859.504286330855;
472;649.4808349609375;16.298583333333333;;71129.15879873485;
473;355.0143127441406;11.15995;;65228.50238409411;
474;579.4396362304688;16.446566666666666;C38H58O4 - C33H58N2O6;66910.92195367368;
475;461.1410217285156;5.66205;C23H24O10 - C18H24N2O12;56075.98437165841;
476;501.3572082519531;11.2868;C31H48O5;83024.61704858413;
477;277.2176513671875;10.546899999999999;C18H28O2;85113.94414697216;
478;301.2171936035156;8.20045;C20H28O2;62767.67349804732;
479;479.3514099121094;12.280366666666668;C27H46N2O5;54257.261911621536;
480;470.3713073730469;2.6179166666666664;;58357.858822464106;
481;293.2113037109375;9.088283333333333;C18H28O3;79097.36127148455;
482;216.15960693359375;4.39365;C11H21NO3;65882.37508064255;
483;642.380859375;13.485316666666668;C40H51NO6 - C33H55NO11;97747.7601756584;
484;347.11407470703125;8.031333333333333;C24H14N2O - C18H18O7;57656.962977905394;
485;237.15773010253906;3.5057833333333335;;77655.03251464834;
486;357.2873229980469;2.1105833333333335;C23H36N2O;66896.86760787958;
487;641.3233032226562;7.7336833333333335;C38H44N2O7 - C31H48N2O12 - C25H52O18;59083.89368635569;
488;657.4336547851562;14.734216666666667;C39H60O8 - C34H60N2O10;51012.73523159819;
489;673.5882568359375;12.132383333333333;;45951.80512570194;
490;730.5498657226562;13.971516666666668;;76468.11397781335;
491;536.4381713867188;18.602833333333333;;123894.10114502003;
492;329.243896484375;4.71075;C17H32N2O4;57057.5893494875;
493;225.0107421875;0.5640000000000001;;40281.371609375004;
494;615.4600219726562;14.649666666666667;;66787.6876462404;
495;338.3436279296875;14.797633333333332;C22H43NO;51018.560806113586;
496;498.9027404785156;21.541166666666665;;62371.997432860466;
497;768.5650634765625;13.92925;;48462.86194921951;
498;393.2587585449219;9.215133333333334;C18H36N2O7;117101.78366229303;
499;393.2587585449219;9.215133333333334;C18H36N2O7;56554.63734961026;
500;554.553466796875;13.252783333333333;;96909.98002185067;
501;575.435302734375;16.319733333333332;;167053.9239490658;
502;273.9635009765625;0.8210166666666667;;124944.95794604499;
503;271.1701965332031;8.1793;C18H22O2;73469.30150622553;
504;328.259521484375;4.055416666666667;C22H33NO;62570.316419189774;
505;279.2325134277344;10.864;C18H30O2;128288.5347465813;
506;333.202880859375;9.743616666666666;C20H28O4 - C15H28N2O6;116983.45958905017;
507;453.345703125;10.504633333333334;C29H44N2O2 - C23H48O8;54984.973747681164;
508;679.5136108398438;3.992;;85118.56003124997;
509;350.24114990234375;4.055416666666667;;58139.23321652258;
510;340.26080322265625;4.013133333333333;;106792.04512548834;
511;275.1275939941406;7.3109;C16H18O4 - C11H18N2O6;77633.87208575463;
512;344.1868591308594;5.07015;C20H25NO4;89298.89081835904;
513;691.4192504882812;13.591016666666667;C48H54N2O2 - C37H58N2O10;59119.62887338245;
514;524.5062866210938;12.851133333333333;;71139.97879266395;
515;366.2371826171875;2.7024833333333333;;69598.81409852611;
516;391.24578857421875;9.4688;C23H34O5 - C18H34N2O7;86086.80343432585;
517;566.8900756835938;21.541166666666665;;55647.62672119063;
518;665.4744262695312;15.896916666666668;;64947.032431029955;
519;686.4058227539062;15.368433333333334;C49H51NO2 - C42H55NO7 - C35H59NO12;70804.95831225609;
520;279.2325134277344;12.132383333333333;C18H30O2;68736.93266378777;
521;304.28570556640625;7.099516666666667;C17H37NO3;82578.73960156241;
522;557.1982421875;11.921;C29H32O11 - C24H32N2O13 - C17H36N2O18;58024.23595481929;
523;353.2304382324219;7.099516666666667;C20H32O5 - C15H32N2O7;63143.27183349574;
524;707.3069458007812;11.307933333333333;C45H42N2O6 - C39H46O12 - C34H46N2O14 - C32H50O17 - C27H50N2O19;68666.88264328;
525;481.3636474609375;13.654433333333333;C32H48O3 - C27H48N2O5;103779.16358129882;
526;903.5669555664062;18.941;;79972.67405227566;
527;337.23638916015625;9.320833333333333;C20H32O4 - C15H32N2O6;72853.9706711429;
528;651.3505249023438;14.818783333333332;C38H50O9 - C33H50N2O11 - C26H54N2O16;47530.44481683355;
529;264.23272705078125;5.683183333333333;C17H29NO;79658.61502020262;
530;315.1955871582031;6.5287500000000005;C20H26O3;70798.40140798947;
531;649.4124145507812;10.673733333333333;C46H52N2O - C40H56O7 - C33H60O12 - C28H60N2O14;66372.29481130981;
532;331.2835388183594;9.743616666666666;C19H38O4;53650.828131729286;
533;413.3241882324219;12.956833333333332;C24H44O5;71966.10394604449;
534;717.503173828125;14.373166666666666;;109914.96102612388;
535;317.10272216796875;5.260400000000001;C17H16O6;58277.25136944579;
536;366.16845703125;7.458866666666666;;85836.59936242683;
537;287.16412353515625;6.507616666666666;C18H22O3 - C13H22N2O5;53640.01010882596;
538;629.3467407226562;8.961466666666666;C39H48O7 - C34H48N2O9 - C27H52N2O14;59918.000833008286;
539;613.4445190429688;14.161783333333334;C33H60N2O8;84817.2779409177;
540;309.1109313964844;7.0572333333333335;C19H16O4 - C14H16N2O6;46960.74510182197;
541;592.4006958007812;15.0302;C37H53NO5 - C30H57NO10;48095.7498183294;
542;617.4766235351562;15.199316666666666;;70104.28738281206;
543;520.347412109375;3.4212333333333333;C26H49NO9;57934.37711505138;
544;393.2587585449219;10.187533333333333;C18H36N2O7;94120.01860241705;
545;244.13296508789062;5.810016666666667;;55024.20343402082;
546;736.5347290039062;14.69195;;84665.40483886702;
547;297.1329345703125;4.351383333333334;C15H20O6 - C10H20N2O8;49859.7157844847;
548;717.3175048828125;12.153533333333334;C50H40N2O3 - C43H44N2O8 - C36H48N2O13 - C37H48O14 - C30H52O19 - C25H52N2O21;53040.73170252287;
549;568.4005737304688;15.6221;C35H53NO5 - C28H57NO10;50297.05433644909;
550;548.3766479492188;3.7806166666666665;;52688.02599824501;
551;947.6564331054688;12.555183333333334;;57555.67034585507;
552;353.2304382324219;7.353166666666667;C20H32O5 - C15H32N2O7;85419.29329431133;
553;732.5628051757812;14.607383333333333;;52978.366475723975;
554;287.1280822753906;6.5287500000000005;C17H18O4;51997.14816049218;
555;385.2937927246094;11.625033333333333;C22H40O5;66291.98095544371;
556;526.5214233398438;12.829983333333333;;81198.1727998047;
557;493.3100891113281;12.555183333333334;C23H44N2O9;77369.67697363261;
558;209.11810302734375;5.556349999999999;C12H16O3;59252.96873272689;
559;637.328857421875;9.595633333333334;C39H44N2O6 - C32H48N2O11 - C26H52O17;50104.9550470575;
560;321.1104736328125;6.000266666666667;;50800.265404052814;
561;813.5128784179688;13.591016666666667;;88846.14734167475;
562;637.3758544921875;11.244516666666668;C44H48N2O2 - C38H52O8 - C31H56O13 - C26H56N2O15;54963.6268748774;
563;480.3546142578125;7.5857;C24H49NO8;93985.75812359602;
564;453.3348388671875;15.85465;C25H44N2O5;28450.497381576835;
565;363.2890930175781;11.688466666666667;C23H38O3 - C18H38N2O5;61984.124531220026;
566;317.20953369140625;5.66205;C20H28O3 - C15H28N2O5;64449.24230590831;
567;369.2995300292969;12.977966666666667;C22H40O4;69382.16721643068;
568;424.1747131347656;7.0572333333333335;C24H25NO6;70007.55791943352;
569;744.5656127929688;14.3943;;61947.4654357304;
570;605.435302734375;2.9773;C38H56N2O4 - C31H60N2O9;43521.10321471411;
571;770.5421752929688;13.443033333333334;;46549.64088330083;
572;402.3231201171875;9.7859;C22H43NO5;59235.35764282275;
573;427.35833740234375;13.252783333333333;C29H46O2;59409.92300366186;
574;323.19512939453125;3.5480666666666663;C17H26N2O4;47864.4154104002;
575;645.4860229492188;17.905166666666666;;67367.78936691281;
576;333.202880859375;9.65905;C20H28O4 - C15H28N2O6;56351.69999487352;
577;397.3837585449219;14.586233333333332;C29H48;57175.6196284796;
578;423.3255615234375;14.2252;C29H42O2 - C24H42N2O4;45023.85835400317;
579;634.3724365234375;15.199316666666666;C38H51NO7;45296.09194650256;
580;411.3627014160156;16.425433333333334;C29H46O;39620.65564459244;
581;644.4007568359375;13.2105;;50393.10202844203;
582;361.27386474609375;11.963283333333333;;56998.55578637689;
583;386.36395263671875;9.5745;C23H47NO3;77309.58867868071;
584;691.3143920898438;12.343783333333333;C45H42N2O5 - C39H46O11 - C32H50O16 - C27H50N2O18;54038.1728145902;
585;314.26904296875;7.374316666666667;C18H35NO3;47310.38021197488;
586;279.2325134277344;11.15995;C18H30O2;63571.72681024184;
587;353.2694396972656;9.2997;C21H36O4;98791.77463391169;
588;353.2694396972656;9.2997;C21H36O4;50252.53559362773;
589;1183.7919921875;15.64325;;43113.35643081639;
590;987.4950561523438;16.38315;;44332.55709855719;
591;340.2857666015625;12.00555;C20H37NO3;64022.12002725154;
592;713.5504760742188;20.5265;;97805.62929733298;
593;1475.5303955078125;10.9697;;48977.96766088946;
594;244.20303344726562;0.9689833333333334;;68078.08746656035;
595;810.6121826171875;3.8017499999999997;;41465.9944420623;
596;749.6066284179688;19.85;;116016.89078124917;
597;582.415771484375;15.0302;C36H55NO5 - C29H59NO10;52827.07494308502;
598;630.382080078125;12.597466666666666;C39H51NO6 - C32H55NO11;81959.35238537607;
599;649.3375244140625;14.267483333333333;C44H44N2O3 - C38H48O9 - C33H48N2O11 - C31H52O14 - C26H52N2O16;40811.140920197155;
600;738.5150756835938;13.823550000000001;;46658.230330749466;
601;372.3135681152344;9.616783333333332;C21H41NO4;48365.441513251826;
602;607.2908935546875;13.9081;C41H38N2O3 - C30H42N2O11 - C28H46O14 - C23H46N2O16;41522.67469021653;
603;317.1761169433594;6.718999999999999;;42360.09271136468;
604;357.20281982421875;6.359633333333333;C22H28O4 - C17H28N2O6;50005.41867242428;
605;285.1856689453125;6.697866666666667;C19H24O2;93099.27724426278;
606;326.1756591796875;5.9157166666666665;C20H23NO3;53772.3650597534;
607;393.2489013671875;2.6179166666666664;;55397.69972970584;
608;598.3760986328125;12.660883333333334;C35H51NO7 - C28H55NO12;45619.21901709034;
609;351.21636962890625;6.04255;C15H30N2O7;112630.74381665018;
610;481.3311767578125;11.561616666666668;C26H44N2O6;49324.91676977575;
611;791.27099609375;12.42835;C45H42O13 - C40H42N2O15 - C38H46O18 - C33H46N2O20 - C26H50N2O25 - C27H50O26;49792.61688185154;
612;745.5740966796875;18.201166666666666;;82103.22731201189;
613;767.270751953125;11.350216666666666;C49H38N2O7 - C43H42O13 - C38H42N2O15 - C36H46O18 - C31H46N2O20 - C24H50N2O25 - C25H50O26;59066.36692064611;
614;337.23638916015625;9.511083333333334;C20H32O4 - C15H32N2O6;54964.59143426515;
615;590.5525512695312;18.497;;74108.53089904755;
616;729.285400390625;11.942133333333334;C43H40N2O9 - C36H44N2O14 - C30H48O20;56997.799263611334;
617;391.1947937011719;8.242716666666666;C18H30O9 - C13H30N2O11;50934.542756729206;
618;461.364013671875;12.766566666666668;C29H48O4;45634.328172118876;
619;293.2113037109375;8.010183333333334;C18H28O3;47752.006712524635;
620;391.24578857421875;9.680200000000001;C23H34O5 - C18H34N2O7;60194.69920703112;
621;384.18011474609375;8.686649999999998;C22H25NO5;52900.31599514717;
622;462.35260009765625;7.247483333333333;;40133.394198242306;
623;453.3348388671875;13.992666666666667;;33351.77491235306;
624;606.4174194335938;15.474133333333333;C38H55NO5 - C31H59NO10;42912.83720605535;
625;594.4158935546875;15.664383333333335;C37H55NO5 - C30H59NO10;45285.53593942205;
626;443.3370666503906;12.11125;C25H46O6;78831.8200849608;
627;273.185546875;8.813483333333332;C18H24O2;61724.22374545245;
628;452.3246154785156;10.229816666666666;C22H45NO8;46005.14503601127;
629;419.24139404296875;10.716016666666667;C24H34O6 - C19H34N2O8;81636.00699508688;
630;1175.869873046875;14.586233333333332;;49060.82027823685;
631;451.3257141113281;3.5057833333333335;C23H46O8;30275.833781204197;
632;565.4583740234375;16.869333333333334;C33H60N2O5;41291.2152401726;
633;471.3483581542969;11.477066666666667;;53839.31857800307;
634;391.2834777832031;14.713083333333334;C19H38N2O6;44033.59268659938;
635;530.4539794921875;16.5734;;40907.04490548804;
636;335.2197265625;8.898050000000001;C20H30O4 - C15H30N2O6;69391.61333581503;
637;427.1503601074219;11.8153;C27H22O5 - C22H22N2O7;44935.25983030734;
638;492.3555908203125;2.6179166666666664;C25H49NO8;49188.19013520821;
639;437.34295654296875;11.7096;C30H44O2 - C23H48O7;63778.29180944845;
640;479.3207092285156;3.2098333333333335;;47687.023185165475;
641;469.33050537109375;13.252783333333333;C25H44N2O6;43025.869053833034;
642;718.5202026367188;3.27325;;42526.52937667842;
643;395.3318786621094;12.4072;;35063.44258221482;
644;390.32269287109375;9.003733333333335;C21H43NO5;80229.40619891336;
645;569.405029296875;12.42835;C32H56O8 - C27H56N2O10;44126.78369627403;
646;673.5177612304688;17.9685;;51621.5360861224;
647;457.3522644042969;12.893416666666667;C26H48O6;53232.970640136926;
648;366.30194091796875;12.364933333333333;C22H39NO3;44246.84440252679;
649;844.6305541992188;17.05966666666667;;84549.74421875033;
650;591.4601440429688;15.1359;;68358.95934130838;
651;381.2622985839844;10.398933333333334;;64516.21428314176;
652;288.2902526855469;6.866983333333334;C17H37NO2;54088.23665002415;
653;295.2276611328125;8.306133333333333;C18H30O3;42555.02372900426;
654;319.1189270019531;6.31735;C17H18O6;49647.99762734967;
655;588.5369262695312;17.482333333333333;;47450.513992766864;
656;292.7231140136719;3.3578166666666664;;37292.52724229436;
657;408.1796875;6.866983333333334;C24H25NO5;50506.559153747316;
658;299.25872802734375;9.363116666666667;C18H34O3;46747.22828274506;
659;579.1805419921875;11.921;;47137.052717560284;
660;366.16845703125;5.323816666666667;C22H23NO4;82029.70425225829;
661;413.3241882324219;12.80885;C24H44O5;61824.87916314677;
662;291.1957092285156;6.613316666666666;C18H26O3;73618.69113623034;
663;689.4991455078125;4.7953;;41739.979255447375;
664;636.3919677734375;10.631466666666666;C38H53NO7 - C31H57NO12;42368.018034988076;
665;511.3410339355469;11.477066666666667;C27H46N2O7;51479.136454040454;
666;500.266845703125;8.137033333333333;C28H37NO7 - C21H41NO12;49282.448820343176;
667;611.4302978515625;13.633283333333333;C33H58N2O8;68682.92636694318;
668;583.4560546875;2.9773;;34483.54032461553;
669;959.5309448242188;11.625033333333333;;45103.79781123288;
670;1019.7338256835938;13.50645;;27755.965768180366;
671;484.4020690917969;8.728933333333334;C28H53NO5;49720.595935425394;
672;411.3627014160156;17.017333333333333;;50489.808059234216;
673;605.3436889648438;9.215133333333334;C32H48N2O9 - C26H52O15;46467.50318786662;
674;660.3858032226562;15.262733333333333;C47H49NO2 - C40H53NO7 - C29H57NO15;44360.45642002131;
675;326.1756591796875;9.553366666666667;C20H23NO3;54134.346351501816;
676;316.322265625;8.20045;C19H41NO2;43468.567845825346;
677;272.2611083984375;11.3925;C16H33NO2;37423.66620220949;
678;444.2016296386719;8.686649999999998;;45040.606625121574;
679;214.12115478515625;6.782416666666666;;45685.78935888673;
680;326.3077697753906;9.193999999999999;C20H39NO2;40013.84004440355;
681;373.1985778808594;6.90925;C22H28O5 - C17H28N2O7;46347.22847085581;
682;477.25958251953125;7.28975;C25H36N2O7;44429.27077355961;
683;401.160888671875;5.302683333333333;C28H20N2O - C22H24O7;41274.547711150975;
684;315.251708984375;9.320833333333333;C18H34O4;42931.789657226764;
685;693.4385986328125;13.12595;;39582.390399353535;
686;429.3759765625;14.966783333333332;C29H48O2;39534.247897292866;
687;393.2587585449219;10.25095;C18H36N2O7;37779.44656164595;
688;375.21624755859375;6.4018999999999995;C22H30O5 - C17H30N2O7;45685.59586022953;
689;526.3549194335938;14.478866666666667;C32H47NO5 - C25H51NO10;33802.56979370051;
690;618.4149780273438;16.552266666666664;C39H55NO5;62460.025662628075;
691;260.093505859375;6.31735;;40891.11400555404;
692;379.28302001953125;9.489933333333333;C23H38O4;50164.20805401573;
693;285.1856689453125;6.761283333333334;C19H24O2;40924.31258227552;
694;423.36322021484375;14.309750000000001;C30H46O;47533.383008422934;
695;903.39892578125;14.987916666666667;C48H58N2O15;24714.7048663256;
696;959.4576416015625;15.558683333333333;;30980.564476195985;
697;552.5357055664062;13.612150000000002;;114105.77016448962;
698;517.3522338867188;11.413633333333333;C31H48O6 - C26H48N2O8;49953.57867810097;
699;644.4007568359375;13.104816666666666;C40H53NO6 - C33H57NO11;63679.29161059641;
700;445.3690185546875;13.252783333333333;;53397.08853863527;
701;595.2312622070312;11.37135;C36H34O8 - C31H34N2O10 - C24H38N2O15;49878.03507877315;
702;445.3690185546875;12.999116666666668;C29H48O3;42661.636077697905;
703;848.543701171875;18.793;;56798.68398208665;
704;1482.0732421875;14.267483333333333;;30915.84535998581;
705;391.24578857421875;9.807033333333333;C18H34N2O7;37707.68790744033;
706;469.33050537109375;10.398933333333334;C30H44O4 - C25H44N2O6;44864.495761413185;
707;255.2323760986328;12.53405;C16H30O2;43027.61503712471;
708;651.3688354492188;12.42835;C42H50O6 - C37H50N2O8 - C35H54O11 - C30H54N2O13;32495.372755249242;
709;552.5357055664062;13.5276;;64587.60556683365;
710;315.251708984375;9.511083333333334;C18H34O4;43634.48245196516;
711;429.32098388671875;11.58275;C24H44O6;45040.81045501723;
712;398.3640441894531;9.532216666666667;C24H47NO3;37496.30095819138;
713;521.3612670898438;13.8024;;36095.207669372845;
714;249.11141967773438;5.556349999999999;;45226.20392266834;
715;679.4553833007812;14.373166666666666;;35594.63519946305;
716;646.408935546875;13.612150000000002;C40H55NO6;68016.3391323852;
717;379.2685241699219;2.1105833333333335;;41414.473359863245;
718;339.2524719238281;9.363116666666667;C20H34O4 - C15H34N2O6;44548.18526312224;
719;331.2257080078125;12.153533333333334;C21H30O3 - C16H30N2O5;66557.95649218764;
720;487.289794921875;9.532216666666667;C25H42O9 - C20H42N2O11;44069.915715668125;
721;457.3522644042969;12.766566666666668;C26H48O6;47479.01583496083;
722;573.4501953125;16.066033333333333;C31H60N2O7;51345.26790252604;
723;791.27099609375;11.8153;C45H42O13 - C40H42N2O15 - C38H46O18 - C33H46N2O20 - C26H50N2O25 - C27H50O26;32839.540233352986;
724;591.4601440429688;14.903333333333334;;36241.738864746265;
725;646.408935546875;13.738983333333334;C40H55NO6;35112.41383203074;
726;485.362060546875;14.924466666666666;;61000.33265313722;
727;339.2764892578125;2.6179166666666664;;34272.872871276886;
728;312.1611633300781;8.369566666666666;C19H21NO3;37847.33026654014;
729;465.3351135253906;12.386066666666666;C26H44N2O5;56996.32727334623;
730;370.29681396484375;12.766566666666668;C21H39NO4;37832.48044416805;
731;650.4489135742188;10.35665;;35477.673675735656;
732;373.1985778808594;5.6409;C17H28N2O7;42691.09669860861;
733;484.4020690917969;14.034933333333333;C28H53NO5;37447.08301086465;
734;395.2428283691406;8.0736;;50900.92462304666;
735;509.8903503417969;4.457066666666666;;53537.67166845696;
736;255.2323760986328;9.595633333333334;C16H30O2;89011.80317688014;
737;732.5628051757812;14.734216666666667;;37218.28454260262;
738;395.3318786621094;14.161783333333334;C28H42O;30639.074147217136;
739;605.4550170898438;16.48885;C40H60O4 - C35H60N2O6;46304.70226757783;
740;768.5650634765625;15.199316666666666;;28855.209562316544;
741;364.2835693359375;9.17285;;63308.04101354988;
742;457.3678894042969;13.2105;C30H48O3 - C25H48N2O5;32498.577372619788;
743;300.22686767578125;2.913883333333333;;39014.260798950214;
744;549.381103515625;13.633283333333333;C32H52O7;34765.579303832594;
745;633.4319458007812;3.7171833333333333;C39H56N2O5 - C37H60O8 - C32H60N2O10;31980.30619302373;
746;677.4429321289062;14.478866666666667;C37H60N2O9;31476.90282513369;
747;1545.6402587890625;11.794166666666666;;30714.277633911188;
748;375.3051452636719;13.865816666666666;C28H38;35212.15363290367;
749;716.56884765625;15.347283333333333;;74591.99444030743;
750;625.3338623046875;14.734216666666667;C31H48N2O11 - C24H52N2O16 - C25H52O17;33512.07887078845;
751;743.2694702148438;10.525766666666668;C47H38N2O7 - C41H42O13 - C36H42N2O15 - C34H46O18 - C29H46N2O20;35451.4811408078;
752;254.2840576171875;7.902816666666666;;33662.58010704059;
753;453.345703125;3.59035;C29H44N2O2 - C23H48O8;38584.23414794922;
754;293.2113037109375;6.021416666666667;C18H28O3;73807.79211291487;
755;301.95806884765625;0.8210166666666667;;63611.43580517583;
756;727.3572998046875;6.0637;C49H46N2O4 - C47H50O7 - C42H50N2O9 - C36H54O15 - C29H58O20;27817.59250570665;
757;431.31414794921875;13.865816666666666;C27H42O4 - C22H42N2O6;38338.005620910524;
758;714.5492553710938;13.443033333333334;;34037.55540885922;
759;316.322265625;7.902816666666666;C19H41NO2;28490.85140185566;
760;524.5062866210938;12.977966666666667;;83389.8596792449;
761;363.2890930175781;11.58275;C23H38O3 - C18H38N2O5;36234.1441629638;
762;377.279052734375;4.647333333333333;;29204.541242217834;
763;611.4302978515625;10.272083333333335;C38H58O6 - C33H58N2O8;35058.04445878591;
764;213.1483154296875;6.42305;C12H20O3;51390.985572204714;
765;442.3286437988281;4.943316666666666;C28H43NO3;35007.00736511243;
766;355.18975830078125;6.465333333333334;C17H26N2O6;61395.51332568384;
767;443.3534240722656;12.364933333333333;C29H46O3;41138.38799780312;
768;275.1275939941406;6.2328;C16H18O4 - C11H18N2O6;34390.67361195373;
769;376.2832336425781;12.639733333333334;;34412.294644882626;
770;244.26402282714844;7.1206499999999995;C15H33NO;32858.910647522076;
771;731.3817138671875;13.23165;C49H50N2O4 - C43H54O10 - C38H54N2O12 - C36H58O15 - C31H58N2O17;35743.56387744158;
772;608.5054931640625;16.806;;61190.1312243658;
773;745.5740966796875;18.010833333333334;;68417.70452758828;
774;747.5869140625;18.8775;;88549.60810546961;
775;324.2901611328125;9.193999999999999;C20H37NO2;72397.44746099866;
776;614.5501708984375;19.871166666666667;;61064.83925048783;
777;782.5775146484375;14.373166666666666;;34767.11203344733;
778;291.1957092285156;7.2052000000000005;C18H26O3;35672.678871337805;
779;582.4838256835938;16.679166666666667;;54006.784360246034;
780;526.5214233398438;12.703166666666668;;48318.20101390059;
781;545.14599609375;9.5745;C36H20N2O4 - C18H28N2O17;37956.584024933116;
782;598.5181274414062;17.926333333333332;;54692.06668701205;
783;679.4553833007812;14.288616666666666;;29709.735790588857;
784;433.8211364746094;4.774166666666667;;30676.48577645883;
785;644.4007568359375;13.950383333333333;C33H57NO11;56033.51113964833;
786;251.1248779296875;3.1464166666666666;C14H18O4 - C9H18N2O6;33509.41050292974;
787;577.422607421875;4.562766666666667;;40750.88507604991;
788;313.20184326171875;5.302683333333333;C17H28O5;32242.19806152331;
789;778.5460815429688;14.543949999999999;;36443.75520400982;
790;253.15261840820312;1.9414666666666667;;35450.3511982422;
791;742.5490112304688;14.161783333333334;;28890.4730984424;
792;736.5347290039062;14.924466666666666;;30197.525969909453;
793;564.5321044921875;18.454833333333333;;53460.099570464525;
794;481.3636474609375;13.443033333333334;C32H48O3 - C27H48N2O5;58208.65761614945;
795;443.3534240722656;12.470633333333334;C29H46O3;36472.97558459445;
796;337.23638916015625;8.728933333333334;;41197.21770056183;
797;744.5656127929688;14.670800000000002;;31448.18806900022;
798;752.571044921875;15.64325;;31711.451913574732;
799;531.8681030273438;4.774166666666667;;40372.43263119513;
800;342.17132568359375;3.2521;C20H23NO4;34228.52892224121;
801;285.11126708984375;7.226333333333333;C17H16O4 - C12H16N2O6;45263.24927255248;
802;485.362060546875;14.987916666666667;;25202.761021362676;
803;390.32269287109375;8.940316666666666;C21H43NO5;30986.19072106918;
804;770.5421752929688;13.295066666666665;;30449.798585296438;
805;348.7740478515625;3.27325;;27278.25977114866;
806;764.5675659179688;15.453;;44542.97839108284;
807;244.1907501220703;6.253933333333333;C13H25NO3;27895.507787078826;
808;258.1866149902344;7.989033333333333;C17H23NO;33010.39486840835;
809;893.5562744140625;19.998;;54237.08696655372;
810;619.3648071289062;10.14525;C44H46N2O - C33H50N2O9 - C31H54O12 - C26H54N2O14;30174.849456054864;
811;601.4825439453125;16.256316666666667;;29019.242431945946;
812;461.364013671875;13.02025;C29H48O4;34499.676147521925;
813;1183.409423828125;10.081833333333332;;31265.70566717494;
814;344.3166198730469;8.58095;C20H41NO3;42330.3279791868;
815;609.4892578125;16.298583333333333;;31861.699692427723;
816;227.12831115722656;5.535216666666667;C12H18O4;36401.25163392628;
817;506.3302307128906;3.104133333333333;;31008.98096081538;
818;629.3467407226562;8.813483333333332;C45H44N2O - C39H48O7 - C34H48N2O9 - C27H52N2O14;27663.69535711648;
819;732.5628051757812;14.818783333333332;;30955.3687254637;
820;480.3059997558594;4.60505;;31145.67413171378;
821;621.3297729492188;13.379616666666667;C39H44N2O5 - C33H48O11 - C26H52O16;33485.657050216534;
822;599.4638061523438;16.087183333333332;;41041.249371887265;
823;549.381103515625;13.738983333333334;C32H52O7;38629.66250717131;
824;766.54736328125;13.104816666666666;;27128.45672406036;
825;452.36016845703125;3.06185;;26141.341266219948;
826;419.24139404296875;10.779433333333333;C24H34O6 - C19H34N2O8;26645.2802321163;
827;475.3409118652344;12.322650000000001;C24H46N2O7;33908.980958007574;
828;515.336181640625;11.857583333333334;C26H46N2O8;30721.09241149867;
829;299.2000427246094;5.112433333333333;C15H26N2O4;16146.840864410542;
830;605.4550170898438;17.123;C35H60N2O6;34743.78673492525;
831;293.2113037109375;10.0607;C18H28O3;75681.62580834949;
832;469.33050537109375;13.464183333333333;C25H44N2O6;43525.970968994036;
833;347.11407470703125;5.66205;C18H18O7;48688.504263183655;
834;633.4868774414062;17.05966666666667;;53833.33569763197;
835;346.2662658691406;6.000266666666667;;49968.50808520503;
836;729.285400390625;11.307933333333333;C43H40N2O9 - C41H44O12 - C36H44N2O14 - C29H48N2O19 - C30H48O20;32658.752596191684;
837;273.1121826171875;5.133566666666667;C16H16O4;27670.396317016646;
838;316.2864685058594;7.839383333333333;C18H37NO3;35330.49322900373;
839;907.5349731445312;17.905166666666666;;33996.654827880586;
840;696.5407104492188;3.27325;;27264.448000648466;
841;611.4302978515625;10.420066666666665;C38H58O6 - C33H58N2O8;25670.779028716926;
842;591.4601440429688;14.818783333333332;;41900.582349365315;
843;490.33966064453125;7.60685;C25H47NO8;23880.635581634473;
844;291.1957092285156;7.353166666666667;C18H26O3;53441.23144775388;
845;342.17132568359375;7.0572333333333335;C20H23NO4;33876.75496874992;
846;520.8814697265625;4.7530166666666664;;38925.136107315106;
847;603.1995849609375;9.722466666666666;C32H30N2O10 - C25H34N2O15 - C19H38O21;29763.98683789029;
848;277.10772705078125;5.598616666666667;C15H16O5;31459.564482635546;
849;628.3651123046875;13.02025;C39H49NO6 - C32H53NO11;27384.629312866244;
850;694.395751953125;13.92925;C47H51NO4 - C40H55NO9 - C33H59NO14;25215.098062454475;
851;459.2583923339844;8.115883333333333;C23H38O9 - C18H38N2O11;34081.40243536362;
852;375.2001953125;12.238083333333332;C18H30O8 - C13H30N2O10;28793.83672827123;
853;280.16363525390625;1.8146333333333333;;25791.59320239262;
854;287.97967529296875;0.5851500000000001;;23387.03110357664;
855;901.6690673828125;20.315;;80196.37628845224;
856;322.143798828125;8.898050000000001;;30002.51555325296;
857;472.3204345703125;4.60505;;28953.10018800342;
858;282.2789306640625;12.7243;;28545.254927932605;
859;659.3565673828125;10.420066666666665;C35H50N2O10 - C28H54N2O15;29070.291164397982;
860;603.1995849609375;10.081833333333332;C32H30N2O10 - C25H34N2O15 - C19H38O21;42735.00789791849;
861;297.1329345703125;5.577483333333333;C15H20O6 - C10H20N2O8;27888.525062225308;
862;947.78271484375;18.201166666666666;;49596.23978393595;
863;332.31640625;8.031333333333333;C19H41NO3;52708.36881750473;
864;372.1814880371094;7.818233333333334;C21H25NO5;30875.078265624932;
865;393.2587585449219;10.420066666666665;C18H36N2O7;29598.76837719703;
866;665.4940795898438;14.140649999999999;;61073.01231164556;
867;568.4954223632812;14.267483333333333;;26021.582606323547;
868;497.364013671875;12.238083333333332;;66155.54681030255;
869;285.89385986328125;21.668;;55337.19314819409;
870;373.1985778808594;6.486466666666667;C17H28N2O7;39479.43321429446;
871;398.3640441894531;9.363116666666667;C24H47NO3;32185.473502013985;
872;369.2995300292969;12.872283333333334;C22H40O4;30917.21582006871;
873;728.5320434570312;13.71785;;43405.25816137722;
874;592.4006958007812;3.5480666666666663;C37H53NO5 - C30H57NO10;23097.58081681812;
875;831.6173706054688;3.4846500000000002;;21623.99753570556;
876;314.3079528808594;12.42835;C19H39NO2;28597.737571227983;
877;1018.7676391601562;4.774166666666667;;28594.20679840094;
878;702.554931640625;14.966783333333332;;31403.27994573962;
879;749.6066284179688;19.384999999999998;;58022.727635193405;
880;351.21636962890625;6.486466666666667;C20H30O5 - C15H30N2O7;40013.04572637955;
881;589.4461669921875;14.373166666666666;C31H60N2O8;43887.40934985371;
882;554.553466796875;13.633283333333333;;36382.53699707012;
883;277.2176513671875;11.836433333333334;C18H28O2;66424.07970239273;
884;733.2681274414062;12.5129;C49H36N2O5 - C43H40O11 - C36H44O16 - C31H44N2O18 - C24H48N2O23 - C25H48O24;20931.051364959836;
885;589.4461669921875;14.649666666666667;C31H60N2O8;45278.389093994265;
886;679.4553833007812;14.161783333333334;;21573.73269537378;
887;390.2979431152344;13.400766666666668;;21947.64709579437;
888;744.5656127929688;14.52115;;19838.49145593254;
889;299.2000427246094;6.380766666666667;C20H26O2 - C15H26N2O4;28314.130527404737;
890;287.97967529296875;0.6941666666666666;;47967.116747802735;
891;610.4525756835938;16.806;C38H59NO5;25609.848023071;
892;987.4950561523438;15.981483333333333;;19633.567199158384;
893;315.02105712890625;0.63075;;36723.017308593735;
894;492.3555908203125;8.623233333333333;C25H49NO8;46527.93150994857;
895;275.1275939941406;7.247483333333333;C16H18O4 - C11H18N2O6;22086.690508545067;
896;693.4385986328125;13.3162;C48H56N2O2 - C37H60N2O10;41985.0342153626;
897;601.3931884765625;10.377783333333333;C39H52O5 - C32H56O10 - C27H56N2O12;24722.289292846657;
898;572.5010375976562;17.905166666666666;;39937.371053161274;
899;303.1929016113281;10.377783333333333;C19H26O3 - C14H26N2O5;25713.091568176314;
900;490.3622741699219;4.922183333333334;;24745.833994499288;
901;711.3555908203125;6.31735;C49H46N2O3 - C43H50O9 - C38H50N2O11 - C36H54O14 - C31H54N2O16;20866.829361816268;
902;432.3322448730469;8.961466666666666;C23H45NO6;33939.25007504308;
903;589.4461669921875;14.882200000000001;C31H60N2O8;51327.81016064469;
904;596.5004272460938;17.080666666666666;;28790.121590880986;
905;333.202880859375;9.236266666666667;C20H28O4 - C15H28N2O6;36275.397603637626;
906;350.1349792480469;6.169383333333333;C21H19NO4;30209.150031829828;
907;1171.7763671875;19.892333333333333;;40646.41325561498;
908;313.14483642578125;7.902816666666666;C19H20O4;27579.56822030651;
909;469.3669128417969;14.204066666666668;C31H48O3 - C26H48N2O5;27122.53288371255;
910;413.3122253417969;3.4212333333333333;C26H40N2O2;25553.98530154425;
911;473.34515380859375;11.519333333333332;C26H48O7;30050.41825561506;
912;244.26402282714844;7.332033333333333;C15H33NO;22456.377984558036;
913;695.5579223632812;17.799500000000002;;28649.987950744275;
914;429.32098388671875;11.434783333333334;C24H44O6;52606.1805240479;
915;677.4429321289062;14.649666666666667;C37H60N2O9;19550.546123718526;
916;632.4556274414062;14.945633333333335;;62625.14819207756;
917;782.5775146484375;15.495266666666668;;46711.768797348326;
918;591.4601440429688;15.2416;;22670.510414795095;
919;411.3627014160156;17.186500000000002;;29466.806543884028;
920;764.5675659179688;15.875783333333334;;22326.800442016578;
921;740.5299682617188;14.309750000000001;;23207.00318115224;
922;355.18975830078125;6.507616666666666;C17H26N2O6;19633.777092407403;
923;693.4385986328125;13.591016666666667;C48H56N2O2 - C37H60N2O10;28631.620004211414;
924;628.3988037109375;15.305016666666667;C40H53NO5;12633.709866943105;
925;409.2560119628906;9.088283333333333;C23H36O6 - C18H36N2O8;25997.537302032615;
926;346.2662658691406;6.127116666666667;;20662.45748510746;
927;604.4004516601562;3.8651666666666666;C38H53NO5 - C31H57NO10;22884.44736640933;
928;281.2494812011719;8.876900000000001;C18H32O2;26590.568832367095;
929;328.15521240234375;6.169383333333333;C19H21NO4;26834.28714941403;
930;244.13296508789062;5.429516666666667;C15H17NO2;29744.536046737678;
931;816.5875244140625;16.552266666666664;;41339.32061682155;
932;764.531494140625;13.738983333333334;;31606.791113586336;
933;301.10845947265625;6.2328;C17H16O5;21779.83047528077;
934;462.35260009765625;9.003733333333335;;21078.616992492836;
935;487.289794921875;9.341966666666668;C25H42O9 - C20H42N2O11;25093.354106140123;
936;256.2644958496094;12.491766666666667;C16H33NO;20279.544398071066;
937;642.380859375;13.548733333333333;C40H51NO6 - C33H55NO11;19088.103885498404;
938;303.2354736328125;8.855766666666666;C20H30O2;22944.6436530153;
939;328.9153747558594;21.689166666666665;;54237.035806274864;
940;492.3555908203125;7.94675;C25H49NO8;21315.43308036806;
941;362.26837158203125;12.090116666666667;C22H35NO3;26213.38470579514;
942;595.5023193359375;18.454833333333333;;39500.459650344535;
943;708.5949096679688;20.568666666666665;;36159.93487426809;
944;519.3695068359375;13.760133333333332;;14796.282243163803;
945;945.7180786132812;16.721333333333334;;32663.119182922637;
946;723.59375;18.941;;35009.89644988986;
947;562.5234375;17.419;;34214.155284119304;
948;515.322265625;10.56805;C33H42N2O3 - C22H46N2O11;22039.65913729867;
949;464.3377380371094;4.39365;;33249.14696136471;
950;745.5740966796875;18.771833333333333;;44996.26441345228;
951;372.1814880371094;1.7088666666666665;C21H25NO5;31252.009962524382;
952;267.1961364746094;9.151716666666665;;32172.55417968744;
953;750.5140991210938;13.443033333333334;;17122.91442718508;
954;501.1596984863281;2.7870500000000002;;18519.128936004632;
955;629.4219360351562;14.161783333333334;C36H56N2O7 - C34H60O10 - C29H60N2O12;26230.818294372533;
956;740.5574951171875;16.023766666666667;;31881.085554259713;
957;272.19635009765625;2.385383333333333;;22504.374828125;
958;463.3200378417969;11.413633333333333;C26H42N2O5;22720.969215698377;
959;227.12831115722656;4.583916666666667;C12H18O4;25753.27099923701;
960;589.4461669921875;14.543949999999999;C31H60N2O8;29127.153721557344;
961;990.7569580078125;19.511666666666667;;44545.43000274645;
962;566.4280395507812;3.7806166666666665;C29H59NO9;20095.53592834466;
963;665.4940795898438;14.077216666666667;;20375.87193310572;
964;243.1704864501953;2.4065333333333334;C12H22N2O3;31900.349323715218;
965;750.6101684570312;18.96216666666667;;45904.16633926353;
966;209.1266632080078;2.0048833333333334;C11H16N2O2;33906.98970098875;
967;931.42626953125;14.966783333333332;;11740.103265380698;
968;629.4407958984375;17.715;C44H56N2O - C38H60O7 - C33H60N2O9;21581.5158911137;
969;485.362060546875;13.443033333333334;C31H48O4 - C26H48N2O6;28153.308054168567;
970;289.1445007324219;7.0572333333333335;C17H20O4;25308.84133395388;
971;469.33050537109375;10.6526;C30H44O4 - C25H44N2O6;26976.903654296933;
972;362.24163818359375;3.06185;;26289.67098698418;
973;613.42626953125;15.770083333333334;C36H56N2O6 - C29H60N2O11;15606.09836682126;
974;1189.7557373046875;17.799500000000002;;22855.93832916228;
975;1002.7536010742188;19.300333333333334;;52307.55014404261;
976;893.5562744140625;16.679166666666667;;22369.625668320263;
977;820.5194091796875;14.246333333333332;;23470.38756787139;
978;339.2524719238281;8.876900000000001;C20H34O4 - C15H34N2O6;20876.634492981088;
979;691.51416015625;14.903333333333334;;30049.069248107968;
980;741.5790405273438;18.22233333333333;;32479.207855224733;
981;277.0908508300781;0.6518833333333334;C11H16O8 - C6H16N2O10;16569.049261047367;
982;461.32421875;13.950383333333333;;20516.04954730239;
983;291.1957092285156;6.930400000000001;;44180.27467773433;
984;729.5823364257812;19.089;;30202.2531805424;
985;988.743896484375;18.201166666666666;;26459.70963256801;
986;601.4825439453125;16.636816666666665;;15941.927830322205;
987;763.5891723632812;18.243333333333332;;35004.0579815678;
988;366.16845703125;6.3385;C22H23NO4;27971.70793185415;
989;308.9241943359375;0.7787333333333333;;39092.40812326052;
990;598.3760986328125;12.53405;C35H51NO7 - C28H55NO12;17601.576113342173;
991;655.4952392578125;15.516416666666666;;24755.130547790588;
992;947.78271484375;17.736;;26927.644439697437;
993;1018.7925415039062;21.329833333333333;;30851.68549560543;
994;782.5775146484375;15.410716666666668;;17646.08924584942;
995;593.4910888671875;17.736;;23162.41025909442;
996;665.5140991210938;18.285666666666668;;32603.306690674428;
997;385.2937927246094;11.455916666666667;C22H40O5;31844.19737133794;
998;998.7687377929688;20.103666666666665;;45907.22249816867;
999;473.34515380859375;11.350216666666666;C26H48O7;25769.468658386122;
1000;285.07525634765625;5.387233333333333;C16H12O5 - C11H12N2O7;21456.603336425822;
1001;251.1248779296875;3.040716666666667;C14H18O4 - C9H18N2O6;22653.873961425725;
1002;644.4007568359375;14.119499999999999;C40H53NO6 - C33H57NO11;20404.252577148178;
1003;619.3648071289062;10.018416666666667;C44H46N2O - C33H50N2O9 - C31H54O12 - C26H54N2O14;16753.026049743723;
1004;763.5891723632812;20.632166666666667;;37293.367000732535;
1005;317.20953369140625;5.34495;C20H28O3 - C15H28N2O5;21972.187585693482;
1006;271.2432556152344;12.491766666666667;;25965.66099768062;
1007;791.6183471679688;20.39966666666667;;38360.12226776099;
1008;889.7789916992188;20.251666666666665;;33357.07709777861;
1009;299.1283264160156;8.454116666666668;C18H18O4;11510.726942489648;
1010;585.4435424804688;16.5734;C39H56N2O2 - C32H60N2O7;15738.283905548402;
1011;790.5382690429688;19.659666666666666;;28706.08039245614;
1012;997.83447265625;21.4355;;23268.15737762505;
1013;766.54736328125;13.23165;;16004.86256896993;
1014;988.743896484375;18.581666666666667;;41577.76416626011;
1015;271.2432556152344;12.597466666666666;;15759.851775817935;
1016;1000.7470092773438;18.074333333333335;;33124.46893737773;
1017;600.5339965820312;18.919833333333333;;30085.606300964188;
1018;721.6119384765625;20.463;;27131.575541381477;
1019;357.20281982421875;5.788883333333334;;8596.138405761692;
1020;299.2000427246094;6.507616666666666;C20H26O2 - C15H26N2O4;19202.442970184366;
1021;735.5905151367188;17.715;;33348.74978332548;
1022;992.7777709960938;21.456666666666667;;29558.997199402314;
1023;501.1596984863281;2.7024833333333333;;19260.047357482945;
1024;641.4281616210938;14.2252;C41H56N2O4 - C35H60O10 - C30H60N2O12;25392.388543212965;
1025;393.2587585449219;9.511083333333334;C18H36N2O7;26128.473987365873;
1026;701.541748046875;19.215833333333332;;21860.01683761568;
1027;607.2908935546875;14.034933333333333;C41H38N2O3 - C30H42N2O11 - C28H46O14 - C23H46N2O16;12727.274580871783;
1028;549.1912231445312;10.0607;C29H28N2O9 - C27H32O12 - C22H32N2O14;20948.88233343493;
1029;625.4896850585938;15.875783333333334;;21774.093772262553;
1030;721.6119384765625;20.124833333333335;;30200.336182250583;
1031;684.3912353515625;14.966783333333332;C42H53NO7 - C35H57NO12;14756.753957519491;
1032;395.3689880371094;12.343783333333333;C29H46;23407.461303039534;
1033;244.86788940429688;21.646833333333333;;29512.1591595463;
1034;767.5515747070312;18.18;;16087.03046874977;
1035;709.3491821289062;5.5140666666666664;C42H48N2O8 - C35H52N2O13 - C36H52O14 - C29H56O19;10775.125372238079;
1036;591.4601440429688;14.670800000000002;;21157.09000524907;
