row ID;row m/z;row retention time;Formula M+H;Formula M+Na;39-1.mzXML Peak area;39-2.mzXML Peak area;39-3.mzXML Peak area;39-4.mzXML Peak area;39-5.mzXML Peak area;39-6.mzXML Peak area
1;474.2491048;16.66;C26H35NO7 - C21H35N3O9;C24H37NO7;5754979;1094860;604290;589075;381139;205126
2;447.2738902;21.73;C27H34N4O2 - C26H38O6 - C21H38N2O8;C25H36N4O2 - C24H40O6;6085699;1720991;1250551;1044355;724073;465537
3;333.2057546;21.72;C20H28O4 - C15H28N2O6;C18H30O4;5311610;1427841;998302;854433;609530;368173
4;333.2057546;20;C20H28O4 - C15H28N2O6;C18H30O4;4517014;982197;636993;615545;428236;263995
5;279.1590424;16.49;;;3738941;1013856;606202;487774;385865;184303
6;545.2719218;19.99;C31H36N4O5 - C30H40O9 - C25H40N2O11;C29H38N4O5 - C28H42O9 - C23H42N2O11;5020940;1753970;1213999;1255452;980525;727278
7;487.2664541;21.74;C29H34N4O3 - C28H38O7 - C23H38N2O9;C27H36N4O3 - C26H40O7 - C21H40N2O9;4119623;1355488;1006692;843830;649615;471153
8;540.3167114;20;C34H41N3O3 - C28H45NO9;C32H43N3O3 - C26H47NO9;3685374;1512615;1090204;1072002;952835;682651
9;621.3076782;24.66;C37H40N4O5 - C30H44N4O10 - C31H44N2O11 - C29H48O14 - C24H48N2O16;C35H42N4O5 - C28H46N4O10 - C27H50O14;1097784;4529404;3074381;5180010;4696055;4401861
10;315.1951497;19.98;C20H26O3 - C15H26N2O5;C18H28O3;1321473;303533;214684;193166;153582;93557
11;315.1951497;21.72;C20H26O3 - C15H26N2O5;C18H28O3;1230894;351217;248440;200730;158364;92718
12;579.2932536;16.48;C22H46N2O15;;967698;274256;166747;116087;73982;74632
13;545.271581;19.61;C31H36N4O5 - C30H40O9 - C25H40N2O11 - C20H40N4O13;C29H38N4O5 - C28H42O9 - C23H42N2O11;760340;47443;24395;6609;7222;35952
14;505.2795715;19.99;C29H36N4O4 - C28H40O8 - C23H40N2O10;C32H38N2O2 - C27H38N4O4 - C26H42O8;708559;170638;111549;108954;79176;47997
15;301.1410268;16.47;C13H20N2O6;;918232;445770;305128;254351;220914;93988
16;487.2664541;19.5;C29H34N4O3 - C28H38O7 - C23H38N2O9;C27H36N4O3 - C26H40O7 - C21H40N2O9;748228;243417;155190;125250;86175;39559
17;568.4278971;24.55;C38H53N3O - C31H57N3O6;C36H55N3O - C29H59N3O6;844638;1395603;1387350;1107397;893991;583506
18;540.3167114;17.69;C28H45NO9 - C23H45N3O11;C32H43N3O3 - C26H47NO9;575290;196776;134838;107100;85089;39116
19;482.3116455;21.72;C26H43NO7;C24H45NO7;798863;299631;248645;203226;150271;125845
20;447.2735291;14.5;C27H34N4O2 - C26H38O6 - C21H38N2O8;C25H36N4O2 - C24H40O6;432121;201525;179947;67533;28605;19469
21;333.2056402;20.57;C21H24N4 - C20H28O4 - C15H28N2O6;C19H26N4 - C18H30O4;465580;79448;65058;64601;31258;26122
22;326.3051147;19.13;C20H39NO2;;398458;138194;88473;76720;66302;38640
23;445.2578837;20.29;C27H32N4O2 - C26H36O6;C25H34N4O2 - C24H38O6;570656;110550;94437;60742;40336;16085
24;621.3078359;25.01;C42H40N2O3 - C37H40N4O5 - C36H44O9 - C30H44N4O10 - C29H48O14 - C24H48N2O16;C45H42O - C40H42N2O3 - C35H42N4O5 - C34H46O9 - C28H46N4O10 - C27H50O14;273364;1596985;1014329;1747923;1368084;1255450
25;279.231842;19.44;C18H30O2;C16H32O2;504195;264382;168064;134850;119596;79605
26;333.2054189;13.06;C21H24N4 - C20H28O4 - C15H28N2O6;C19H26N4 - C18H30O4;319781;161635;130761;59744;25570;19767
27;473.2510198;20.57;C28H32N4O3 - C27H36O7 - C22H36N2O9;C26H34N4O3 - C25H38O7 - C20H38N2O9;392722;112034;67422;69515;54026;32495
28;429.2633565;19.51;C27H32N4O - C26H36O5;C25H34N4O - C24H38O5;380445;114092;86069;72524;46245;20249
29;333.205719;14.5;C21H24N4 - C20H28O4 - C15H28N2O6;C19H26N4 - C18H30O4;312324;151222;133555;48412;27226;17934
30;397.2366282;12.17;C25H32O4 - C20H32N2O6;C23H34O4;230240;50800;27641;13316;9516;8192
31;205.0857137;16.53;;;335056;121914;75798;75486;71356;55020
32;487.2664439;14.51;C29H34N4O3 - C28H38O7 - C23H38N2O9;C27H36N4O3 - C26H40O7 - C21H40N2O9;325670;198251;171939;79163;42928;33748
33;277.2159322;13.28;C18H28O2 - C13H28N2O4;C16H30O2;587951;330447;104462;218886;84720;86035
34;474.2484538;8.97;C26H35NO7 - C21H35N3O9;C24H37NO7;187475;72857;56542;7135;2493;3974
35;545.2719218;17.68;C31H36N4O5 - C30H40O9 - C25H40N2O11;C29H38N4O5 - C28H42O9 - C23H42N2O11;362037;110037;80165;64483;46063;19720
36;545.2719218;13.06;C31H36N4O5 - C30H40O9 - C25H40N2O11;C29H38N4O5 - C28H42O9 - C23H42N2O11;294259;163526;135122;51136;27191;14865
37;433.2571971;20.57;C26H32N4O2 - C25H36O6 - C20H36N2O8;C24H34N4O2 - C23H38O6;294692;62035;44787;40174;27984;16896
38;498.3064041;16.54;C26H43NO8;C30H41N3O2 - C24H45NO8;332000;102700;65551;61916;42966;20060
39;463.2687403;16.38;C27H34N4O3 - C26H38O7 - C21H38N2O9;C25H36N4O3 - C24H40O7;419849;116165;88866;79505;57899;27645
40;333.2055664;16.55;C21H24N4 - C20H28O4 - C15H28N2O6;C19H26N4 - C18H30O4;276019;70272;48164;44239;29530;15808
41;474.2485733;14.15;C26H35NO7 - C21H35N3O9;C24H37NO7;238969;67336;44623;35199;22479;13756
42;551.4252319;24.53;C40H54O - C35H54N2O3 - C28H58N2O8;C38H56O - C32H56N4O2 - C31H60O6;258095;439626;408067;371227;311196;277944
43;447.2734248;19.5;C27H34N4O2 - C26H38O6 - C21H38N2O8;C25H36N4O2 - C24H40O6;270141;80113;65131;62876;40564;21219
44;301.1406326;16.19;C13H20N2O6;C11H22N2O6;259638;71060;47077;28076;27381;33900
45;313.1797638;10.99;C20H24O3;C18H26O3;167745;46148;12265;4506;5623;8034
46;429.3724085;29.45;;;162645;44906;145624;38375;53256;132370
47;281.2473602;21.16;C18H32O2;C16H34O2;173661;81296;60058;48581;41641;25425
48;637.3017883;23.99;C42H40N2O4 - C37H40N4O6 - C30H44N4O11 - C31H44N2O12 - C29H48O15 - C24H48N2O17;C40H42N2O4 - C35H42N4O6 - C28H46N4O11 - C27H50O15;175592;947235;1409504;712655;758367;679803
49;579.2929993;16.11;C35H38N4O4 - C29H42N2O10 - C22H46N2O15;C33H40N4O4 - C27H44N2O10;240566;22573;9191;4353;2436;8099
50;445.2579397;19.94;C27H32N4O2 - C26H36O6 - C21H36N2O8;C25H34N4O2 - C24H38O6;155771;31861;13279;4026;3947;5087
51;279.2315826;14.67;C18H30O2 - C13H30N2O4;C16H32O2;149513;82555;58010;38853;51958;38391
52;593.3465653;20.23;C37H44N4O3 - C36H48O7 - C31H48N2O9 - C24H52N2O14;C35H46N4O3 - C34H50O7 - C28H50N4O8 - C27H54O12;211629;83460;40342;26917;18479;9085
53;447.2735418;15.89;C27H34N4O2 - C26H38O6 - C21H38N2O8;C25H36N4O2 - C24H40O6;216539;57379;47803;47646;31659;14432
54;429.372345;29.5;C29H48O2 - C24H48N2O4;C27H50O2;102416;122647;173949;225694;114164;219251
55;393.2974981;25.42;C19H40N2O6;;107063;16975;151345;25414;24528;16021
56;311.1651306;10.44;C20H22O3;C18H24O3;88811;30613;10804;2162;1678;2008
57;490.2434082;10;C26H35NO8 - C21H35N3O10;C30H33N3O2 - C24H37NO8;107120;34434;24494;8028;6569;8047
58;441.3722178;24.65;C30H48O2 - C25H48N2O4;C28H50O2;249754;65123;47066;51267;32377;28438
59;633.4364624;19.18;C43H56N2O2 - C44H56O3 - C38H56N4O4 - C37H60O8 - C32H60N2O10;C41H58N2O2 - C36H58N4O4;127038;68158;50667;58054;66257;44193
60;391.2843628;25.38;;;92959;72956;69970;71984;77231;84049
61;505.2784882;14.17;C29H36N4O4 - C28H40O8 - C23H40N2O10;C27H38N4O4 - C26H42O8;127945;27582;22912;22848;15753;6536
62;505.2809652;17.7;C29H36N4O4 - C28H40O8;C32H38N2O2 - C27H38N4O4 - C26H42O8;114716;29665;21183;16633;9214;5445
63;765.3099467;16.83;C42H44N4O10 - C41H48O14 - C36H48N2O16 - C31H48N4O18 - C29H52N2O21 - C24H52N4O23;C45H46N2O8 - C40H46N4O10 - C39H50O14 - C33H50N4O15 - C34H50N2O16 - C32H54O19 - C27H54N2O21;98712;115514;90969;102899;106796;91583
64;423.3250071;26.18;C29H42O2;;66106;22828;14705;17678;11674;12869
65;441.372378;22.72;C30H48O2 - C25H48N2O4;C28H50O2;137342;47017;23001;16169;12758;8013
66;315.1945979;20.58;C20H26O3 - C15H26N2O5;C18H28O3;138884;29632;19269;17284;12172;8510
67;561.2662659;14.57;C38H32N4O - C31H36N4O6 - C30H40O10 - C25H40N2O12;C36H34N4O - C29H38N4O6 - C28H42O10 - C23H42N2O12;115946;37963;29318;29452;22573;17721
68;556.3113353;14.59;C28H45NO10 - C23H45N3O12;C26H47NO10;129658;41889;33940;33421;23446;11355
69;540.3164164;18.33;C28H45NO9 - C23H45N3O11;C32H43N3O3 - C26H47NO9;99848;35727;24234;23349;15622;7942
70;425.3777885;25.58;C30H48O;C28H50O;127193;34759;21261;21896;11516;6285
71;413.2662506;25.37;C27H32N4 - C21H36N2O6;C25H34N4;82681;57118;45998;59291;63018;64587
72;505.2801794;13.06;C34H36N2O2 - C29H36N4O4 - C28H40O8 - C23H40N2O10;C32H38N2O2 - C27H38N4O4 - C26H42O8 - C20H42N4O9;124216;54749;37291;19451;6582;3335
73;540.3161672;17.36;C28H45NO9 - C23H45N3O11;C32H43N3O3 - C26H47NO9;102524;17710;10824;10896;6990;6537
74;411.2526042;22.01;C26H34O4 - C21H34N2O6;C24H36O4;143532;45444;25776;17928;8683;5048
75;431.2421214;10.38;C26H30N4O2 - C25H34O6 - C20H34N2O8;C24H32N4O2 - C23H36O6;72453;18274;9132;1900;952;2350
76;447.2715251;20.09;C27H34N4O2 - C26H38O6 - C21H38N2O8;C25H36N4O2 - C24H40O6;118571;41526;23319;23572;15318;9316
77;483.3804118;22.71;;;108724;30500;27643;23057;14742;7952
78;417.2271373;17.88;C25H28N4O2 - C24H32O6 - C19H32N2O8;C23H30N4O2 - C22H34O6;137925;17232;22134;12352;8234;2611
79;521.2738241;14.58;C29H36N4O5 - C28H40O9 - C23H40N2O11;C32H38N2O3 - C27H38N4O5 - C26H42O9;98533;27737;21742;19153;12170;5985
80;324.2892914;17.06;C20H37NO2;C18H39NO2;88454;29214;16290;21797;21538;12142
81;447.2736104;15.32;C27H34N4O2 - C26H38O6 - C21H38N2O8;C25H36N4O2 - C24H40O6;76657;17395;14145;7241;3179;4977
82;1067.55363;13.05;;;85123;43331;32354;843;311;941
83;415.2478231;11.44;C26H30N4O - C25H34O5 - C20H34N2O7;C24H32N4O - C23H36O5;71562;16518;9090;1659;1965;3407
84;239.2367528;22.69;C16H30O;;109400;69320;64563;66236;62588;63633
85;526.3011322;19.1;C27H43NO9 - C22H43N3O11;C31H41N3O3 - C25H45NO9;83713;19442;12070;11428;9024;6034
86;545.2717031;18.33;C31H36N4O5 - C30H40O9 - C25H40N2O11 - C20H40N4O13;C29H38N4O5 - C28H42O9 - C23H42N2O11;82055;25773;16712;18308;8670;7321
87;531.2560323;19.09;C30H34N4O5 - C29H38O9 - C24H38N2O11;C28H36N4O5 - C27H40O9 - C22H40N2O11;92858;18984;10528;11052;8703;6194
88;311.164945;20.28;C20H22O3;C18H24O3;109658;34869;18902;11300;7972;1432
89;463.2683538;14.74;C27H34N4O3 - C26H38O7 - C21H38N2O9;C25H36N4O3 - C24H40O7;82168;35338;20088;11029;10819;10010
90;568.4278971;25.52;C38H53N3O - C31H57N3O6;C36H55N3O - C29H59N3O6;131203;355245;345415;176762;223935;215273
91;540.3165029;13.08;C28H45NO9 - C23H45N3O11;C32H43N3O3 - C26H47NO9;92519;51209;44994;16453;5696;3829
92;468.2955424;20.57;C25H41NO7 - C20H41N3O9;C23H43NO7;88692;23068;17781;14709;9903;7350
93;315.1952184;13.06;C20H26O3 - C15H26N2O5;C18H28O3;89450;44368;38821;18434;9583;4811
94;617.3447876;22.02;C39H44N4O3 - C38H48O7 - C33H48N2O9 - C26H52N2O14;C37H46N4O3 - C36H50O7 - C31H50N2O9;115402;42214;22487;14567;10045;4859
95;313.1790161;12.84;C20H24O3 - C15H24N2O5;C18H26O3;76678;24281;12073;7760;6725;3198
96;425.3771769;24.96;C30H48O;C28H50O;97121;35992;16238;22361;12907;7790
97;593.3461914;20.07;C37H44N4O3 - C36H48O7 - C31H48N2O9 - C24H52N2O14;C35H46N4O3 - C34H50O7 - C29H50N2O9 - C27H54O12;69584;20771;10855;5455;4370;2633
98;315.1947301;14.5;C20H26O3 - C15H26N2O5;C18H28O3;86869;43520;32907;22560;11367;6065
99;490.242925;8.09;C26H35NO8 - C21H35N3O10;C30H33N3O2 - C24H37NO8;56258;17368;14128;1787;1486;2332
100;431.2412135;14.59;C26H30N4O2 - C25H34O6 - C20H34N2O8;C24H32N4O2 - C23H36O6;70068;20502;11212;6424;4249;1857
101;487.2659988;15.87;C29H34N4O3 - C28H38O7 - C23H38N2O9;C27H36N4O3 - C26H40O7 - C21H40N2O9;125099;25231;37412;36178;24572;13119
102;311.1651713;14.6;C20H22O3;C18H24O3 - C12H24N4O4;77447;24427;13126;4821;3713;1325
103;300.2891006;18.44;C18H37NO2;;72538;36143;20782;17294;20698;9921
104;415.2478078;11.03;C26H30N4O - C25H34O5;C24H32N4O - C23H36O5;69561;18541;11723;2326;1971;3145
105;568.4277547;25.42;C38H53N3O - C31H57N3O6;C36H55N3O - C29H59N3O6;67051;98106;137017;99107;115478;95597
106;545.2717082;17.32;C31H36N4O5 - C30H40O9 - C25H40N2O11 - C20H40N4O13;C29H38N4O5 - C28H42O9 - C23H42N2O11;84050;12667;8383;4525;2043;3238
107;497.2522888;12.14;C30H32N4O3 - C29H36O7 - C24H36N2O9;C28H34N4O3 - C27H38O7;65439;20502;15063;2884;1677;4606
108;283.2637329;23.08;C18H34O2;;80144;49327;37699;36626;32730;32850
109;311.1649195;22.38;C20H22O3;C18H24O3;72075;39217;21541;11545;9321;3186
110;397.2365824;16.58;C26H28N4 - C25H32O4 - C20H32N2O6;C24H30N4 - C23H34O4;64124;16389;9160;6276;3573;1307
111;556.3121592;13.38;C28H45NO10 - C23H45N3O12;C26H47NO10;81611;25877;23587;17719;9203;5001
112;566.4118245;24.89;C31H55N3O6;C29H57N3O6;46844;34169;20033;16194;17362;18471
113;503.2602132;14.63;C35H34O3 - C28H38O8 - C23H38N2O10 - C18H38N4O12;C33H36O3 - C27H36N4O4 - C26H40O8 - C21H40N2O10;63231;25435;13993;11605;7399;5903
114;603.2785441;17.56;C39H38O6 - C33H38N4O7 - C32H42O11 - C27H42N2O13;C38H36N4O2 - C36H40N2O5 - C31H40N4O7 - C30H44O11 - C25H44N2O13 - C23H48O16;59181;16624;12570;14177;9320;6661
115;545.2714844;14.2;C31H36N4O5 - C30H40O9 - C25H40N2O11 - C20H40N4O13;C29H38N4O5 - C28H42O9 - C23H42N2O11;80401;29327;22088;21201;14781;8681
116;333.2055639;15.71;C21H24N4 - C20H28O4 - C15H28N2O6;C19H26N4 - C18H30O4;87251;13711;17935;14738;9553;4429
117;600.4179179;19.16;;;49574;850774;1045389;627642;429435;304640
118;333.2053884;12.68;C21H24N4 - C20H28O4 - C15H28N2O6;C19H26N4 - C18H30O4;59265;17088;15156;4207;2710;2391
119;263.2363281;21.22;C18H30O - C13H30N2O3;C16H32O;76055;20794;12757;10482;7789;4185
120;295.2263972;15.66;C18H30O3 - C13H30N2O5;C16H32O3;57218;27988;24930;17210;25592;11208
121;585.4217885;22.38;C37H52N4O2 - C35H56N2O5 - C30H56N4O7 - C29H60O11;C33H58N2O5 - C28H58N4O7;58386;48804;38939;19973;13024;10257
122;226.9508769;30.08;;;19510;14449;8743;10773;8003;13051
123;598.3215841;17.56;C36H43N3O5 - C37H43NO6 - C30H47NO11 - C25H47N3O13;C34H45N3O5 - C28H49NO11;46062;14988;10759;9623;7912;3577
124;611.4592845;22.56;C41H58N2O2;C39H60N2O2;58717;163161;62186;31646;51710;39391
125;311.1652298;13.41;C20H22O3;C18H24O3 - C12H24N4O4;67957;22877;11915;6178;4192;1367
126;203.1036034;7.79;;;51567;19332;10024;3800;3765;8335
127;556.3127492;15.78;C34H41N3O4 - C28H45NO10 - C23H45N3O12;C32H43N3O4 - C26H47NO10;58696;14134;10209;14555;8489;3468
128;425.3774541;23.28;C30H48O - C25H48N2O3;C28H50O;41374;16966;10760;9373;5531;4469
129;429.3722331;28.12;C29H48O2 - C24H48N2O4;C27H50O2;31857;8005;13667;1090;24;1519
130;441.3719584;23.23;C30H48O2 - C25H48N2O4;C28H50O2;78847;26746;18760;16448;11665;7405
131;441.3719724;23.23;C30H48O2 - C25H48N2O4;C28H50O2;63250;20925;14323;11445;9279;6155
132;561.2675832;15.78;;;48857;12533;8482;11926;8678;4288
133;559.2870738;21.29;C32H38N4O5 - C21H42N4O13;C30H40N4O5;68122;10247;7471;5335;3730;2831
134;565.3144633;17.94;C35H40N4O3 - C34H44O7 - C29H44N2O9 - C22H48N2O14;C33H42N4O3 - C32H46O7 - C27H46N2O9 - C25H50O12;62620;19265;10191;4692;2957;704
135;353.2682775;17.26;C22H32N4 - C21H36O4 - C16H36N2O6;C20H34N4 - C19H38O4;51347;43682;40550;30005;30366;26442
136;293.2101059;14.05;C18H28O3 - C13H28N2O5;C16H30O3;86847;20804;32711;22652;21299;20418
137;397.2367706;11.84;C25H32O4 - C20H32N2O6;C23H34O4;58906;9743;6182;2116;1334;919
138;331.2841593;20.54;C20H34N4 - C19H38O4;C18H36N4;63107;39133;35224;33820;48819;28317
139;473.2514445;13.99;C28H32N4O3 - C27H36O7 - C22H36N2O9;C26H34N4O3 - C25H38O7 - C20H38N2O9;51320;11227;7612;5121;2679;921
140;395.220253;22.7;C20H30N2O6;;55952;22624;25972;19846;23197;18248
141;317.2080104;13.33;C15H28N2O5;C13H30N2O5;92425;23424;45301;34432;31937;26333
142;556.3111216;12.67;C28H45NO10 - C23H45N3O12;C32H43N3O4 - C26H47NO10;33388;11596;8191;1120;394;1661
143;202.1800346;30.04;C11H23NO2;;18662;14117;8180;10807;11150;18560
144;295.1693166;10.97;C20H22O2;C18H24O2;37729;12030;6765;696;369;1311
145;484.2913107;15.71;C31H37N3O2 - C25H41NO8;C29H39N3O2 - C23H43NO8;37605;13307;6925;6043;2800;1264
146;274.2734375;30.07;C16H35NO2;;18625;16193;11577;14174;15241;16915
147;503.2605362;17.05;C29H34N4O4 - C28H38O8 - C23H38N2O10 - C18H38N4O12;C27H36N4O4 - C26H40O8 - C21H40N2O10;45303;10322;6730;8568;8076;3844
148;391.2116597;17.57;C23H26N4O2 - C22H30O6;C21H28N4O2 - C20H32O6;36222;7239;3592;3888;1917;828
149;473.2510478;18.27;C28H32N4O3 - C22H36N2O9;C26H34N4O3 - C20H38N2O9;29290;7616;5454;4269;2330;1103
150;487.2660739;22.71;C35H34O2 - C29H34N4O3 - C28H38O7 - C23H38N2O9;C27H36N4O3 - C26H40O7 - C21H40N2O9;64892;9131;10087;10371;5223;3280
151;481.3654963;22.69;;;60723;14605;11707;7436;4240;1818
152;429.2632523;21.23;C27H32N4O - C26H36O5 - C21H36N2O7;C25H34N4O - C24H38O5;66160;17011;13057;5511;2818;888
153;760.3539937;16.84;C45H49N3O8 - C39H53NO14 - C34H53N3O16 - C32H57NO19 - C27H57N3O21;C43H51N3O8 - C37H55NO14 - C32H55N3O16 - C30H59NO19;32070;40003;37181;41327;43274;38212
154;318.3000946;30.07;C18H39NO3;;18245;17298;10289;11522;13272;18229
155;311.1649653;15.96;C20H22O3;C18H24O3;37830;12056;6543;4068;1901;162
156;313.1795197;10.73;C20H24O3 - C15H24N2O5;C18H26O3;23230;6079;2962;848;611;887
157;217.1040382;30.02;;;12295;8445;2832;3187;6926;7545
158;425.3753815;26.25;C30H48O - C25H48N2O3;C28H50O - C23H50N2O3;18597;2283;0;0;92;0
159;282.2789714;20.97;C18H35NO;;38788;45773;35500;27028;52629;48364
160;589.3125611;19.39;C37H40N4O3 - C36H44O7 - C31H44N2O9 - C26H44N4O11 - C24H48N2O14;C35H42N4O3 - C34H46O7 - C29H46N2O9;47619;8788;3380;1090;1747;239
161;554.332133;21.3;C29H47NO9 - C24H47N3O11;C33H45N3O3 - C27H49NO9;37679;8536;6804;4199;3594;1079
162;371.3149312;25.43;C23H38N4 - C22H42O4;C21H40N4;27095;3677;51125;3974;6836;2194
163;429.3719991;30.5;C29H48O2 - C24H48N2O4;C27H50O2;14196;7822;5002;4655;3405;2609
164;585.4307149;24.55;C35H56N2O5 - C28H60N2O10;C32H58N4O4;39506;108080;113910;91066;74666;43761
165;409.3813604;22.61;C30H48 - C25H48N2O2;C28H50;42774;11805;8040;8097;6146;1767
166;556.311676;15.08;C34H41N3O4 - C28H45NO10 - C23H45N3O12;C32H43N3O4 - C26H47NO10;24874;3063;6590;4187;1945;1480
167;401.2317149;18.91;C25H28N4O - C24H32O5 - C19H32N2O7;C23H30N4O - C22H34O5;21435;6870;2901;1626;745;357
168;311.164121;17.86;C20H22O3 - C15H22N2O5;C18H24O3;44436;14033;5376;2841;1005;516
169;443.3875173;19.21;C30H50O2 - C25H50N2O4;C28H52O2;32773;10421;4240;3199;1319;1344
170;489.2478536;15.69;C28H32N4O4 - C22H36N2O10;C31H34N2O2 - C26H34N4O4;35148;13553;10055;4849;2574;3767
171;463.2678223;17.08;C27H34N4O3 - C26H38O7 - C21H38N2O9;C25H36N4O3 - C24H40O7;35883;7714;6275;7259;4999;2065
172;383.2204132;10.95;C24H30O4 - C19H30N2O6;C22H32O4;24118;4964;3293;1551;705;497
173;505.278417;19.11;C29H36N4O4 - C28H40O8 - C23H40N2O10;C32H38N2O2 - C27H38N4O4 - C26H42O8;36702;7670;5328;7873;3585;2166
174;429.2605947;12.81;C26H36O5 - C21H36N2O7;C25H34N4O - C24H38O5 - C19H38N2O7;29652;6870;3853;750;301;616
175;628.193868;25.23;C38H29NO8 - C33H29N3O10 - C26H33N3O15 - C20H37NO21;C36H31NO8 - C31H31N3O10 - C24H35N3O15 - C18H39NO21;24961;24720;17103;20018;21728;15404
176;463.3778839;23.5;C29H50O4 - C24H50N2O6;C27H52O4;34014;19847;18634;13162;12683;10089
177;295.2262904;15.2;C18H30O3 - C13H30N2O5;C16H32O3;31189;19486;8599;4593;2569;5277
178;295.1688588;12.16;C20H22O2 - C15H22N2O4;C18H24O2;26539;6069;2920;1318;951;117
179;437.3380356;24.94;;;26021;6440;3775;2171;1301;1337
180;313.1796799;25.9;C20H24O3 - C15H24N2O5;C18H26O3;21786;2937;2665;849;1058;298
181;417.2272631;17.52;C25H28N4O2 - C24H32O6 - C19H32N2O8;C23H30N4O2 - C22H34O6;29260;7630;2943;845;434;191
182;315.1940104;17.69;C20H26O3 - C15H26N2O5;C18H28O3;37754;10347;5757;5538;3727;1403
183;559.25147;13.31;C31H34N4O6 - C30H38O10 - C25H38N2O12;C34H36N2O4 - C29H36N4O6 - C28H40O10 - C23H40N2O12;28582;6628;3789;1152;1045;924
184;521.2737935;12.66;C29H36N4O5 - C28H40O9 - C23H40N2O11;C32H38N2O3 - C27H38N4O5 - C26H42O9;41496;10488;7958;7166;4162;1294
185;407.3667119;23.86;C30H46 - C25H46N2O2;C28H48;71286;27678;18301;18095;12090;7955
186;561.2667389;13.55;C31H36N4O6 - C30H40O10 - C25H40N2O12 - C20H40N4O14;C29H38N4O6 - C28H42O10 - C23H42N2O12;35036;7192;5344;11372;5668;1172
187;245.225165;21.29;C18H28 - C13H28N2O2;C16H30;33618;6560;3248;3088;2841;1060
188;543.2552287;14.65;;;22543;8063;4674;1125;289;673
189;447.3818944;24.79;C29H50O3 - C24H50N2O5;C27H52O3;33465;10358;7264;5026;4426;2322
190;473.2513848;13.18;C34H32O2 - C28H32N4O3 - C27H36O7 - C22H36N2O9;C26H34N4O3 - C25H38O7 - C20H38N2O9;34618;12706;11255;4320;2171;1788
191;397.2369995;18.01;C25H32O4 - C20H32N2O6;C23H34O4;27440;7770;3189;1436;839;906
192;489.2787959;22.59;;;37468;4599;3278;3616;1391;312
193;503.2616425;11.02;C29H34N4O4 - C23H38N2O10;C27H36N4O4 - C21H40N2O10;20034;5429;5453;1119;129;715
194;561.2654877;12.7;C20H40N4O14;;47174;17261;13759;10956;7924;5360
195;441.3724009;22.21;C30H48O2 - C25H48N2O4;C28H50O2;52440;20626;12968;9365;6316;3559
196;489.2444662;12.76;C22H36N2O10 - C17H36N4O12;C26H34N4O4 - C20H38N2O10;30948;10396;6442;4729;3902;1680
197;465.2827836;15.35;C27H36N4O3 - C26H40O7 - C21H40N2O9;C25H38N4O3 - C24H42O7;27016;14829;7014;3773;2549;1123
198;485.3274231;11.98;C31H40N4O - C30H44O5 - C23H48O10;C29H42N4O - C28H46O5 - C22H46N4O6;26803;0;0;0;0;0
199;291.1948954;8.65;C18H26O3 - C13H26N2O5;C16H28O3;25043;13195;13212;5082;6973;7710
200;463.2685522;11.05;C27H34N4O3 - C26H38O7 - C21H38N2O9;C25H36N4O3 - C24H40O7;26914;8590;6727;1204;566;958
201;479.2639873;14.82;C27H34N4O4 - C26H38O8 - C21H38N2O10;C25H36N4O4;28933;8516;4351;4582;3116;1057
202;473.2899119;22.54;C29H36N4O2 - C28H40O6 - C23H40N2O8;C27H38N4O2 - C26H42O6;39428;13369;6206;2418;1646;202
203;437.3399048;24.6;C25H44N2O4;;18931;2293;0;0;0;0
204;431.241305;13.4;C26H30N4O2 - C25H34O6 - C20H34N2O8;C24H32N4O2 - C23H36O6;34756;9576;5826;1506;1355;367
205;445.3669713;24.8;C29H48O3 - C24H48N2O5;C27H50O3;30380;9039;5599;5989;3607;2162
206;329.2833443;24.14;C23H36O - C18H36N2O3;C21H38O;23978;5024;3058;2797;893;1172
207;397.2368876;15.28;C26H28N4 - C25H32O4 - C20H32N2O6;C24H30N4 - C23H34O4;27249;6305;3297;2309;723;400
208;519.2572835;12.23;C35H34O4 - C29H34N4O5 - C28H38O9 - C23H38N2O11;C32H36N2O3 - C27H36N4O5 - C26H40O9 - C21H40N2O11;30496;10621;8199;1623;1990;2631
209;333.2050527;9.37;C20H28O4 - C15H28N2O6;C18H30O4;8977;1986;1344;576;670;220
210;553.3129832;17.99;C34H40N4O3 - C33H44O7 - C28H44N2O9 - C23H44N4O11;C32H42N4O3 - C31H46O7 - C26H46N2O9;17943;4134;1577;682;448;105
211;553.3131165;17.98;C34H40N4O3 - C33H44O7 - C28H44N2O9 - C23H44N4O11;C32H42N4O3 - C31H46O7 - C26H46N2O9;14049;3491;996;248;214;0
212;773.4595825;25.66;;;16046;1002;960;683;1456;0
213;331.2013397;14.42;C19H26N2O3 - C14H26N4O5;C17H28N2O3;30431;16952;11891;11165;9205;7200
214;439.3560079;24.96;C30H46O2 - C25H46N2O4;C28H48O2;27872;6227;3947;3028;1459;1164
215;479.2637711;12.25;C27H34N4O4 - C26H38O8 - C21H38N2O10;C25H36N4O4 - C24H40O8;23313;11363;7131;2609;2889;3785
216;309.2053935;8.61;C19H24N4 - C18H28O4 - C13H28N2O6;C17H26N4 - C16H30O4;27349;10718;16549;3628;6138;8461
217;537.2684174;10.07;C29H36N4O6 - C28H40O10 - C23H40N2O12;C32H38N2O4 - C27H38N4O6 - C26H42O10;19003;10145;6281;784;1325;1560
218;307.1902364;9.82;C19H22N4 - C18H26O4 - C13H26N2O6;C17H24N4 - C16H28O4;15552;9715;6540;1766;1762;1876
219;701.3528137;21.09;C44H48N2O6 - C39H48N4O8 - C38H52O12 - C33H52N2O14 - C31H56O17 - C26H56N2O19;C44H46N4O3 - C42H50N2O6 - C37H50N4O8 - C36H54O12 - C30H54N4O13 - C31H54N2O14 - C29H58O17;23271;11805;10501;9162;11424;7483
220;495.2353503;20.77;C17H38N2O14;;23448;2763;225;1369;1195;780
221;301.2146632;13.57;C20H28O2 - C15H28N2O4;C18H30O2;28176;8514;6890;2368;1563;2039
222;443.3861084;23.59;C30H50O2 - C25H50N2O4;C28H52O2;27311;9127;5164;4061;3517;1256
223;752.401532;16.63;C42H57NO11 - C37H57N3O13;C40H59NO11;51904;3868;1278;494;455;0
224;633.4336752;22.47;C38H56N4O4 - C32H60N2O10 - C27H60N4O12;C36H58N4O4;26679;10416;9710;10587;14221;10024
225;485.3594895;26.06;;;10305;2220;725;601;1044;431
226;309.2783381;23.79;C20H36O2;C18H38O2;20438;3268;1934;1097;962;491
227;226.1794345;22.43;C13H23NO2;C11H25NO2;34153;26233;43131;26765;25140;26219
228;651.4591675;25.6;C42H58N4O2;C40H60N4O2;32483;10603;16961;17401;20245;14509
229;315.193663;22.58;C15H26N2O5;;16954;2139;1633;960;472;0
230;501.2463303;14.82;C29H32N4O4 - C28H36O8 - C23H36N2O10;C27H34N4O4 - C26H38O8 - C21H38N2O10;21974;7942;4518;3051;737;1408
231;510.3410149;14.51;C35H43NO2 - C28H47NO7 - C23H47N3O9;C32H45N3O - C26H49NO7;28908;17062;17866;11658;6207;2220
232;600.417745;18.89;C43H53NO - C38H53N3O3 - C31H57N3O8;C41H55NO - C36H55N3O3 - C34H59NO6 - C29H59N3O8;33607;431662;604051;392692;294663;121063
233;310.3102239;24.74;C20H39NO;;22827;10267;18582;5979;3650;1404
234;593.2758128;21.36;C35H36N4O5 - C29H40N2O11 - C22H44N2O16;C38H38N2O3 - C33H38N4O5 - C26H42N4O10 - C25H46O14;31635;2482809;1443552;2661035;2308579;1419378
235;609.2705612;20.74;C40H36N2O4 - C35H36N4O6 - C29H40N2O12 - C27H44O15 - C22H44N2O17;C38H38N2O4 - C33H38N4O6 - C26H42N4O11;3349;1416530;3996273;1477595;1223517;676364
236;609.2698568;19.85;C40H36N2O4 - C35H36N4O6 - C29H40N2O12 - C27H44O15 - C22H44N2O17;C38H38N2O4 - C33H38N4O6 - C26H42N4O11 - C25H46O15;724;984326;2236812;753749;647407;400622
237;625.2664917;20.21;C40H36N2O5 - C35H36N4O7 - C34H40O11 - C29H40N2O13 - C27H44O16 - C22H44N2O18;C38H38N2O5 - C33H38N4O7 - C32H42O11 - C26H42N4O12 - C25H46O16;0;403881;1458334;316135;256237;147421
238;593.2754924;21.81;C40H36N2O3 - C35H36N4O5 - C34H40O9 - C27H44O14 - C22H44N2O16;C38H38N2O3 - C33H38N4O5 - C32H42O9 - C26H42N4O10 - C25H46O14;4722;319119;176985;400181;331550;213839
239;653.2973277;23.74;C42H40N2O5 - C37H40N4O7 - C36H44O11 - C30H44N4O12 - C29H48O16 - C24H48N2O18;C40H42N2O5 - C35H42N4O7 - C34H46O11 - C28H46N4O12 - C27H50O16;13146;223978;604888;112959;106243;80120
240;353.2689148;13.25;C22H32N4 - C21H36O4;C20H34N4 - C19H38O4;0;268766;228164;56496;68693;42048
241;600.4183146;18.63;C43H53NO - C38H53N3O3 - C31H57N3O8;C41H55NO - C34H59NO6 - C29H59N3O8;37606;408816;639964;366265;317286;208648
242;353.2680868;12.84;C22H32N4 - C21H36O4 - C16H36N2O6;C20H34N4 - C19H38O4;2733;145942;87474;8939;11238;20694
243;639.281842;21.16;C41H38N2O5 - C36H38N4O7 - C35H42O11 - C29H42N4O12 - C30H42N2O13 - C28H46O16 - C23H46N2O18;C39H40N2O5 - C34H40N4O7 - C33H44O11 - C27H44N4O12 - C26H48O16;0;128888;416019;58849;21712;13727
244;277.2160034;13.47;C18H28O2;C16H30O2;197482;113844;88188;77159;68924;77090
245;445.2579219;20.29;C27H32N4O2 - C26H36O6 - C21H36N2O8;C25H34N4O2 - C24H38O6;632296;217003;97254;47046;37350;17999
246;537.3037476;13.24;C36H40O4 - C30H40N4O5 - C29H44O9 - C24H44N2O11;C33H42N2O3 - C28H42N4O5 - C27H46O9 - C22H46N2O11;0;130814;125017;42465;50614;34387
247;600.4182078;18.2;C38H53N3O3 - C31H57N3O8;C34H59NO6 - C29H59N3O8;22150;129492;221266;113390;79682;124569
248;600.4181773;20.23;C38H53N3O3 - C31H57N3O8;C34H59NO6 - C29H59N3O8;6970;138438;282729;201589;153644;119127
249;463.2687988;16.38;C27H34N4O3 - C26H38O7 - C21H38N2O9;C25H36N4O3 - C24H40O7;514677;144885;95521;77219;54669;34132
250;659.2837321;23.98;C39H38N4O6 - C38H42O10 - C33H42N2O12 - C26H46N2O17 - C21H46N4O19;C42H40N2O4 - C37H40N4O6 - C36H44O10 - C30H44N4O11 - C31H44N2O12 - C29H48O15 - C24H48N2O17;13988;70305;99920;65902;75938;69099
251;584.4219055;21.96;C31H57N3O7;C29H59N3O7;25982;160983;187378;127780;93983;70112
252;583.4143016;18.64;C40H54O3 - C28H58N2O10;C38H56O3 - C32H56N4O4 - C31H60O8;4592;88458;172094;72911;55267;28592
253;653.2969238;22.91;C42H40N2O5 - C37H40N4O7 - C36H44O11 - C30H44N4O12 - C29H48O16 - C24H48N2O18;C40H42N2O5 - C35H42N4O7 - C34H46O11 - C28H46N4O12 - C27H50O16;0;65647;199498;20788;5787;2563
254;373.2220739;2.66;C20H28N4O3 - C19H32O7;C18H30N4O3 - C17H34O7;10895;53339;33986;45150;151012;147690
255;535.4289703;29.07;C40H54 - C28H58N2O7;C38H56 - C31H60O5;93;131380;110668;24385;130309;78286
256;653.2983216;23.29;C42H40N2O5 - C37H40N4O7 - C36H44O11 - C30H44N4O12 - C29H48O16 - C24H48N2O18;C40H42N2O5 - C35H42N4O7 - C34H46O11 - C28H46N4O12 - C27H50O16;0;52610;80407;12383;4282;3409
257;667.312085;25.3;C43H42N2O5 - C38H42N4O7 - C37H46O11 - C31H46N4O12 - C32H46N2O13 - C30H50O16 - C25H50N2O18;C41H44N2O5 - C36H44N4O7 - C35H48O11 - C29H48N4O12 - C28H52O16;0;53238;199453;10453;309;956
258;583.4143372;19.08;C40H54O3 - C28H58N2O10;C32H56N4O4 - C31H60O8;11053;97479;223908;46234;48150;21750
259;600.417689;22.14;C38H53N3O3 - C31H57N3O8;C34H59NO6 - C29H59N3O8;7079;75928;60543;43488;30354;32877
260;532.3480591;13.25;C33H45N3O3 - C27H49NO9 - C22H49N3O11;C31H47N3O3 - C25H51NO9;0;67331;61047;15404;19578;14380
261;503.2615026;16.55;C35H34O3 - C29H34N4O4 - C28H38O8 - C23H38N2O10;C27H36N4O4 - C26H40O8 - C21H40N2O10;260343;107854;73992;62208;48476;36440
262;625.2651734;18.77;C40H36N2O5 - C35H36N4O7 - C34H40O11 - C29H40N2O13 - C27H44O16 - C22H44N2O18;C38H38N2O5 - C33H38N4O7 - C32H42O11 - C26H42N4O12 - C25H46O16;0;55021;115850;8352;703;264
263;584.4219767;23.49;C31H57N3O7;C29H59N3O7;18308;62123;62464;46104;36129;38418
264;689.2794291;19.87;;;0;53067;130368;10504;0;0
265;600.4184723;23.31;C38H53N3O3 - C31H57N3O8;C36H55N3O3 - C34H59NO6 - C29H59N3O8;14516;52099;51079;44305;30603;31270
266;535.4293823;29.33;C40H54 - C35H54N2O2 - C28H58N2O7;C38H56 - C31H60O5;0;35178;22277;48432;31010;5688
267;551.4249268;25.56;C40H54O - C35H54N2O3 - C28H58N2O8;C38H56O - C32H56N4O2 - C31H60O6;27375;73750;85599;59776;37104;35157
268;423.2739004;13.2;C25H34N4O2 - C24H38O6 - C19H38N2O8;C23H36N4O2 - C22H40O6;262;41159;42886;10229;12181;10848
269;643.2885488;24.67;C26H46N2O16 - C21H46N4O18;C24H48N2O16;13495;34879;21739;38030;36292;46995
270;643.289032;24.67;C26H46N2O16 - C21H46N4O18;C30H44N4O10 - C24H48N2O16;12075;32471;25346;37208;38896;49082
271;667.3135865;24.39;C43H42N2O5 - C38H42N4O7 - C37H46O11 - C31H46N4O12 - C32H46N2O13 - C30H50O16 - C25H50N2O18;C41H44N2O5 - C36H44N4O7 - C35H48O11 - C29H48N4O12 - C28H52O16;0;34441;153795;5640;1057;1545
272;425.3768641;23.91;C30H48O - C25H48N2O3;C28H50O;183818;75420;42683;43126;28366;20313
273;497.3100739;12.86;C28H40N4O4 - C27H44O8 - C22H44N2O10;C31H42N2O2 - C26H42N4O4 - C25H46O8;0;31977;19818;441;768;3473
274;439.3559698;19.54;C30H46O2 - C25H46N2O4;C28H48O2;34785;56509;48603;41058;24262;3679
275;811.4964396;23.18;;;3954;44252;13935;10441;12916;11376
276;423.2733358;14.14;C25H34N4O2 - C24H38O6 - C19H38N2O8;C23H36N4O2 - C22H40O6;8531;34004;16876;9463;14753;14297
277;568.4270528;25.2;C38H53N3O - C31H57N3O6;C36H55N3O - C29H59N3O6;25345;44225;42802;27403;21676;20784
278;567.4195353;25.67;C40H54O2 - C35H54N2O4 - C28H58N2O9;C38H56O2 - C32H56N4O3 - C31H60O7;12828;42392;33019;33182;17860;20301
279;771.5039551;17.45;;;0;61692;31777;14755;15559;9642
280;317.2083511;13.41;C20H28O3 - C15H28N2O5;C18H30O3 - C13H30N2O5;28558;23430;17836;24141;21015;12664
281;608.2622009;20.73;C32H37N3O9 - C25H41N3O14;C30H39N3O9 - C23H43N3O14;0;28057;49635;23666;18568;16567
282;582.4064077;23.97;C38H51N3O2 - C31H55N3O7;C36H53N3O2 - C29H57N3O7;29419;46111;25933;29827;22258;18389
283;532.3477905;12.85;C27H49NO9 - C22H49N3O11;C31H47N3O3 - C25H51NO9;0;26742;14903;269;543;2885
284;479.2636083;11.01;C27H34N4O4 - C26H38O8 - C21H38N2O10;C30H36N2O2 - C25H36N4O4 - C24H40O8;16475;17016;12222;2897;3035;1182
285;415.2245051;22.62;C23H30N2O5 - C16H34N2O10;;2649;58527;26343;16142;21444;20073
286;667.3135376;24.84;C43H42N2O5 - C38H42N4O7 - C31H46N4O12 - C32H46N2O13 - C25H50N2O18;C41H44N2O5 - C36H44N4O7 - C29H48N4O12;0;22344;88515;5299;0;0
287;223.9886576;30.15;;;11823;11458;8254;11595;13060;15345
288;303.2314911;8.02;C20H30O2 - C15H30N2O4;C18H32O2;21662;16271;14115;2456;2921;3291
289;599.4087169;18.63;C41H50N4 - C40H54O4 - C35H54N2O6 - C28H58N2O11;C39H52N4 - C38H56O4 - C32H56N4O5 - C33H56N2O6 - C31H60O9;2565;32650;42097;27225;21579;18254
290;723.337085;18.93;C41H46N4O8 - C40H50O12 - C35H50N2O14 - C33H54O17 - C28H54N2O19;C44H48N2O6 - C39H48N4O8 - C38H52O12 - C32H52N4O13 - C33H52N2O14 - C26H56N2O19;0;20919;24333;8299;8871;6906
291;565.4041646;19.18;C40H52O2 - C35H52N2O4 - C28H56N2O9;C38H54O2 - C32H54N4O3 - C31H58O7;1309;45429;72911;28763;19546;9890
292;423.2736232;14.57;C25H34N4O2 - C24H38O6 - C19H38N2O8;C23H36N4O2 - C22H40O6;8148;32059;14441;6482;8259;14912
293;355.2831802;19.04;;;40655;36972;33903;35154;36962;32654
294;535.2691711;22.22;C33H34N4O3 - C32H38O7 - C27H38N2O9 - C20H42N2O14;C31H36N4O3 - C30H40O7 - C24H40N4O8 - C23H44O12;0;19221;46291;23358;16422;13134
295;301.1408488;16.86;C19H16N4 - C18H20O4 - C13H20N2O6;C17H18N4 - C16H22O4 - C11H22N2O6;61884;29713;23273;28564;32076;21242
296;639.2819123;22.91;C41H38N2O5 - C36H38N4O7 - C29H42N4O12 - C30H42N2O13 - C28H46O16 - C23H46N2O18;C39H40N2O5 - C34H40N4O7 - C27H44N4O12 - C26H48O16;0;20438;137014;4592;1457;878
297;653.2966919;22.04;C42H40N2O5 - C37H40N4O7 - C36H44O11 - C30H44N4O12 - C29H48O16 - C24H48N2O18;C40H42N2O5 - C35H42N4O7 - C34H46O11 - C28H46N4O12 - C27H50O16;0;18863;64158;11825;6818;4011
298;427.356692;23.33;C29H46O2 - C24H46N2O4;C27H48O2;17582;17077;7001;4656;5042;3803
299;423.2733826;12.46;C25H34N4O2 - C24H38O6 - C19H38N2O8;C23H36N4O2 - C22H40O6;0;15866;185440;124818;74441;42425
300;613.4825195;24.83;C40H60N4O;;0;4801;159939;223193;137138;98520
301;401.2902425;14.64;C23H36N4O2 - C22H40O6;C21H38N4O2 - C20H42O6;277;3791;74869;56439;36448;16648
302;338.341184;26.23;C22H43NO;;48329;25647;62467;8386;17435;10289
303;667.3125407;19.88;C43H42N2O5 - C38H42N4O7 - C37H46O11 - C31H46N4O12 - C32H46N2O13 - C30H50O16 - C25H50N2O18;C41H44N2O5 - C36H44N4O7 - C35H48O11 - C29H48N4O12 - C28H52O16;0;50040;121612;10565;0;0
304;611.4652354;22.6;C40H58N4O;C38H60N4O;70611;488088;164930;104000;119762;66701
305;584.4217072;23.74;C31H57N3O7;C29H59N3O7;30727;76593;81053;58241;39093;40473
306;607.2915395;23.94;C41H38N2O3 - C36H38N4O5 - C35H42O9 - C29H42N4O10 - C30H42N2O11 - C28H46O14 - C23H46N2O16;C39H40N2O3 - C34H40N4O5 - C33H44O9 - C27H44N4O10 - C26H48O14;1424;31719;38875;25189;8182;11729
307;591.2597534;21.15;C40H34N2O3 - C35H34N4O5 - C22H42N2O16;C26H40N4O10 - C20H44N2O16;0;16298;51200;75468;57977;28605
308;397.3827438;25.08;C29H48 - C24H48N2O2;C27H50;2015;27308;57840;29620;29174;28522
309;600.4183655;22.73;C43H53NO - C38H53N3O3 - C31H57N3O8;C41H55NO - C34H59NO6 - C29H59N3O8;20544;108462;85362;59978;45150;22117
310;625.3185181;12.46;C33H44N4O8 - C27H48N2O14 - C22H48N4O16;C38H42N4O3 - C31H46N4O8 - C25H50N2O14;0;794;39336;24527;16049;13904
311;364.32099;12.23;C23H41NO2;C21H43NO2;0;24;61890;74495;41769;29470
312;639.2824148;21.94;C41H38N2O5 - C36H38N4O7 - C29H42N4O12 - C23H46N2O18;C39H40N2O5 - C34H40N4O7 - C27H44N4O12;0;11219;55142;10900;0;0
313;623.2849477;23.19;C41H38N2O4 - C36H38N4O6 - C30H42N2O12 - C23H46N2O17;C39H40N2O4 - C34H40N4O6 - C27H44N4O11;272;8968;35474;7256;5293;4840
314;565.4036204;18.63;C40H52O2 - C35H52N2O4 - C28H56N2O9;C38H54O2 - C32H54N4O3 - C31H58O7;657;28138;54561;21781;18436;10784
315;681.3272766;20.48;C44H44N2O5 - C39H44N4O7 - C33H48N2O13 - C26H52N2O18;C42H46N2O5 - C37H46N4O7 - C36H50O11 - C30H50N4O12;0;12804;35527;2090;1502;4910
316;885.3909302;16.41;C40H60N4O18 - C41H60N2O19;C45H58N4O13;0;0;34399;137743;75342;27789
317;871.5726135;24.83;;;478;0;40401;60586;7566;4330
318;681.329065;24.99;C44H44N2O5 - C39H44N4O7 - C38H48O11 - C32H48N4O12 - C33H48N2O13 - C31H52O16 - C26H52N2O18;C42H46N2O5 - C37H46N4O7 - C36H50O11 - C30H50N4O12 - C29H54O16;0;5310;25383;819;233;2165
319;332.2937317;20.99;C22H37NO - C17H37N3O3;C20H39NO;18567;12209;29512;8896;5593;2559
320;583.414683;20.18;C40H54O3 - C35H54N2O5 - C33H58O8 - C28H58N2O10;C38H56O3 - C32H56N4O4 - C31H60O8;1004;42811;73179;52332;36518;23365
321;639.2809245;16.93;C41H38N2O5 - C36H38N4O7 - C29H42N4O12 - C30H42N2O13 - C23H46N2O18;C39H40N2O5 - C34H40N4O7 - C27H44N4O12;0;5198;31290;4772;0;0
322;623.2493225;17.87;C40H34N2O5 - C35H34N4O7 - C34H38O11 - C29H38N2O13 - C27H42O16 - C22H42N2O18;C38H36N2O5 - C33H36N4O7 - C32H40O11 - C26H40N4O12 - C25H44O16 - C20H44N2O18;0;7118;30366;17425;10983;6412
323;871.5736816;30.04;;;7231;0;8610;74503;26740;116375
324;409.1832326;1.21;;C14H30N2O10;47;23924;21424;16312;25906;24489
325;399.7543091;30.19;;;0;2460;8926;4615;2642;2867
326;618.4272095;14.65;C43H55NO2 - C38H55N3O4 - C31H59N3O9 - C32H59NO10;C41H57NO2 - C36H57N3O4;0;21272;23191;7404;4257;4409
327;703.2945435;20.48;;;0;9848;30824;1628;1408;4481
328;871.572699;25.14;;;564;0;76015;54158;13040;3481
329;739.3316468;17.89;C35H50N2O15 - C30H50N4O17 - C28H54N2O20;C44H48N2O7 - C39H48N4O9 - C38H52O13 - C32H52N4O14 - C33H52N2O15 - C26H56N2O20;0;4176;21720;12523;9181;5611
330;637.3015381;22.2;C42H40N2O4 - C37H40N4O6 - C36H44O10 - C31H44N2O12 - C29H48O15 - C24H48N2O17;C40H42N2O4 - C35H42N4O6 - C34H46O10 - C28H46N4O11 - C27H50O15;0;15837;24951;45386;37931;15795
331;681.3269898;25.73;C44H44N2O5 - C39H44N4O7 - C38H48O11 - C33H48N2O13 - C31H52O16 - C26H52N2O18;C42H46N2O5 - C37H46N4O7 - C36H50O11 - C30H50N4O12 - C31H50N2O13 - C29H54O16;0;7192;31137;2324;6525;5896
332;631.2526123;20.75;C37H34N4O6 - C36H38O10 - C31H38N2O12 - C24H42N2O17 - C19H42N4O19;C40H36N2O4 - C35H36N4O6 - C34H40O10 - C28H40N4O11 - C29H40N2O12 - C27H44O15 - C22H44N2O17;0;11920;31692;13903;10871;7062
333;567.4194234;21.9;C40H54O2 - C35H54N2O4 - C28H58N2O9;C38H56O2 - C32H56N4O3 - C31H60O7;8837;45269;70660;29903;20560;13117
334;620.3635865;12.42;C43H45N3O - C36H49N3O6 - C37H49NO7 - C30H53NO12 - C25H53N3O14;C41H47N3O - C34H51N3O6 - C28H55NO12;0;338;24822;4070;3180;6221
335;623.2507813;17;C40H34N2O5 - C35H34N4O7 - C34H38O11 - C28H38N4O12 - C29H38N2O13 - C27H42O16 - C22H42N2O18;C38H36N2O5 - C33H36N4O7 - C32H40O11 - C26H40N4O12 - C25H44O16 - C20H44N2O18;0;4986;22740;9411;5973;3032
336;653.2962525;18.31;C42H40N2O5 - C43H40O6 - C37H40N4O7 - C36H44O11 - C31H44N2O13 - C29H48O16 - C24H48N2O18;C40H42N2O5 - C35H42N4O7 - C34H46O11 - C28H46N4O12 - C27H50O16;0;9086;21546;829;384;113
337;583.4145355;18.29;C40H54O3 - C35H54N2O5 - C28H58N2O10;C38H56O3 - C32H56N4O4 - C31H60O8;498;19901;32610;13143;7620;8617
338;408.3071543;22.43;C24H41NO4 - C19H41N3O6;C22H43NO4;16762;14568;25967;12840;14196;9858
339;661.2473348;16.95;C34H36N4O10 - C23H40N4O18;C39H34N4O5 - C32H38N4O10;0;2253;18072;1904;0;0
340;592.2667053;21.38;C37H37NO6 - C32H37N3O8 - C25H41N3O13;C35H39NO6 - C30H39N3O8 - C23H43N3O13;0;38345;19958;55584;43515;36392
341;429.2090187;0.77;C22H28N4O5 - C16H32N2O11;;152;1799;13798;8920;7703;11425
342;211.1689364;4.76;C13H22O2;C11H24O2;27960;12617;11197;20375;11902;15031
343;365.10525;0.76;;;9543;9740;74772;436189;619642;983179
344;600.4179331;19.25;C43H53NO - C38H53N3O3 - C31H57N3O8;C41H55NO - C34H59NO6 - C29H59N3O8;76270;684176;879245;507063;234204;165645
345;353.2687683;11.43;C21H36O4;C19H38O4;0;0;6306;211493;167396;59618
346;449.1079203;2.52;;;23;508;11689;166545;572372;623904
347;568.4278768;25.58;;;166162;338885;275703;308391;38932;49242
348;479.1183716;4.45;C23H18N4O8 - C22H22O12 - C17H22N2O14;C26H20N2O6 - C21H20N4O8 - C20H24O12;0;296;9548;83420;249418;219053
349;699.3569183;11.43;;;0;0;2544;102498;89405;34150
350;613.4805095;22.76;C40H60N4O;;2006;30661;12357;109576;286368;166698
351;584.4216105;19.93;C38H53N3O2 - C31H57N3O7;C36H55N3O2 - C29H59N3O7;8422;70629;104452;108772;77695;56278
352;353.268336;11.19;C22H32N4 - C21H36O4 - C16H36N2O6;C20H34N4 - C19H38O4;27;170;26118;81961;61603;22483
353;535.4294485;29.09;C40H54 - C28H58N2O7;C38H56 - C31H60O5;93;135235;120091;118492;87217;73375
354;635.2867966;22.53;C42H38N2O4 - C37H38N4O6 - C30H42N4O11 - C31H42N2O12 - C24H46N2O17;C40H40N2O4 - C35H40N4O6 - C28H44N4O11 - C22H48N2O17;897;14289;2445;65964;89876;65301
355;465.1028504;1.97;C22H16N4O8;C20H18N4O8;0;23;2132;68027;423605;452720
356;863.4054565;19.14;C45H58N4O13;C43H60N4O13;0;0;12553;63403;37103;14529
357;331.2839775;13.34;;;0;0;7809;63131;52464;19284
358;625.17677;3.8;C34H28N2O10 - C29H28N4O12 - C28H32O16 - C23H32N2O18 - C16H36N2O23;C32H30N2O10 - C27H30N4O12 - C26H34O16 - C20H34N4O17;0;154;2908;49722;426318;470309
359;602.4306895;18.83;C43H55NO - C38H55N3O3;C41H57NO - C36H57N3O3;4435;73580;105570;57191;42733;31560
360;463.1240641;5.21;C23H18N4O7 - C22H22O11;C21H20N4O7 - C20H24O11 - C14H24N4O12;0;0;0;36151;98413;889
361;279.2314301;14.68;C18H30O2 - C13H30N2O4;C16H32O2;96916;21097;45491;42211;53025;21455
362;419.0968628;3.06;C21H14N4O6 - C20H18O10;C19H16N4O6 - C18H20O10;0;0;5368;42765;172015;154239
363;613.4828369;23.19;C40H60N4O;;0;154;567;41105;180547;100843
364;751.5355225;22.81;;;0;0;36991;99594;37170;17370
365;751.5353851;22.81;;;0;0;25302;68077;25587;12408
366;694.4007721;11.44;C39H55N3O8 - C40H55NO9 - C33H59NO14 - C28H59N3O16;C44H53N3O3 - C37H57N3O8;0;0;23;42399;30414;9659
367;699.3564758;11.13;C43H46N4O5 - C36H50N4O10 - C30H54N2O16 - C25H54N4O18;C41H48N4O5 - C39H52N2O8 - C34H52N4O10 - C28H56N2O16;0;0;9052;42243;28349;11341
368;203.0518316;0.76;;;2428;15624;67389;56864;68996;99400
369;677.3720169;13.35;;;0;0;2662;36974;32296;7774
370;458.1865845;0.82;;;0;0;528;42387;48761;136859
371;613.4826843;21.26;C40H60N4O;;0;568;30021;52909;55987;27853
372;449.1078034;2.43;C22H16N4O7 - C21H20O11 - C16H20N2O13;C25H18N2O5 - C20H18N4O7 - C19H22O11 - C12H26O16;23;451;1694;34354;109339;124932
373;487.2665609;20.11;C35H34O2 - C29H34N4O3 - C28H38O7 - C23H38N2O9;C27H36N4O3 - C26H40O7 - C21H40N2O9;37130;22125;17405;20315;13860;10268
374;355.2834663;12.6;C22H34N4 - C21H38O4;C20H36N4 - C19H40O4;0;0;45;23118;16377;216
375;584.4214986;20.47;C43H53N - C38H53N3O2 - C31H57N3O7 - C32H57NO8;C41H55N - C36H55N3O2 - C29H59N3O7;3113;23555;30735;24337;18091;10435
376;397.2371674;12.25;C25H32O4 - C20H32N2O6;C23H34O4;6056;404;136;24778;14383;2354
377;277.0891998;0.8;;;0;48;13092;32759;22402;24633
378;435.0916672;2.31;;;0;0;864;21742;136593;133838
379;471.0884522;0.73;C30H14O6 - C23H18O11 - C18H18N2O13 - C13H18N4O15;C22H16N4O7 - C21H20O11 - C16H20N2O13;22;0;1778;30750;66830;37073
380;723.3367996;16.41;C41H46N4O8 - C40H50O12 - C35H50N2O14 - C33H54O17 - C28H54N2O19;C44H48N2O6 - C39H48N4O8 - C38H52O12 - C32H52N4O13 - C33H52N2O14 - C31H56O17 - C26H56N2O19;0;0;5233;23940;11183;4011
381;665.3326843;25.68;C44H44N2O4 - C39H44N4O6 - C32H48N4O11 - C33H48N2O12 - C31H52O15 - C26H52N2O17;C42H46N2O4 - C37H46N4O6 - C30H50N4O11 - C29H54O15;0;3920;1125;15424;9067;9193
382;313.1788864;11.14;C20H24O3 - C15H24N2O5;C18H26O3;14779;4652;2375;18285;15298;6085
383;287.0546082;2.62;C16H6N4O2 - C15H10O6 - C10H10N2O8;C14H8N4O2 - C13H12O6;0;143;1005;21355;84767;80120
384;293.2103322;14.37;C18H28O3 - C13H28N2O5;C16H30O3;971;789;908;8472;6414;1228
385;641.1718872;3.3;C34H28N2O11 - C29H28N4O13 - C23H32N2O19 - C16H36N2O24;C32H30N2O11 - C27H30N4O13 - C20H34N4O18;0;106;257;25230;174896;287986
386;207.1374334;1.21;C13H18O2 - C8H18N2O4;C11H20O2;2359;73865;67398;52010;119876;121002
387;496.3395894;14.17;C26H45N3O6;;0;0;0;42179;222886;158969
388;611.4671265;19.58;C40H58N4O;C38H60N4O;0;2152;145567;308370;152918;36264
389;611.1605835;1.59;C33H26N2O10 - C28H26N4O12 - C27H30O16 - C22H30N2O18 - C15H34N2O23;C31H28N2O10 - C26H28N4O12 - C25H32O16 - C19H32N4O17;0;0;82;7878;81109;134257
390;540.3166504;19.75;C28H45NO9 - C23H45N3O11;C32H43N3O3 - C26H47NO9;1033509;141711;115157;86219;68168;116257
391;454.2927284;13.75;C28H39NO4 - C23H39N3O6;C21H41N3O6;0;77;0;8461;61597;18680
392;301.0702769;3.9;C17H8N4O2 - C16H12O6 - C11H12N2O8;C15H10N4O2 - C14H14O6;0;0;0;12703;56178;15629
393;773.5193176;19.55;;;0;368;94285;200281;94335;41609
394;611.1610921;4.04;C15H34N2O23;C19H32N4O17;0;0;0;5567;32547;41175
395;449.1074646;0.79;C22H16N4O7 - C21H20O11 - C16H20N2O13;C20H18N4O7 - C19H22O11;0;62;806;29394;46381;60837
396;518.3234863;12.03;C28H43N3O6 - C21H47N3O11;C26H45N3O6;0;0;0;11251;56416;19361
397;303.0500412;1.98;C16H6N4O3 - C15H10O7;C13H12O7;0;0;83;10398;57096;61924
398;409.1838137;0.76;;;2416;42762;45036;22095;42049;46200
399;773.5192464;22.64;;;19001;429668;141134;79207;95129;33269
400;647.1566239;3.85;C37H26O11 - C31H26N4O12 - C32H26N2O13 - C30H30O16 - C25H30N2O18 - C20H30N4O20 - C18H34N2O23 - C19H34O24;C35H28O11 - C29H28N4O12 - C28H32O16 - C23H32N2O18 - C16H36N2O23;0;0;22;14940;52113;31110
401;647.157491;0.73;C37H26O11 - C31H26N4O12 - C30H30O16 - C25H30N2O18 - C20H30N4O20 - C18H34N2O23 - C19H34O24;C34H28N2O10 - C35H28O11 - C29H28N4O12 - C28H32O16 - C23H32N2O18 - C16H36N2O23;0;0;0;10486;40150;53271
402;611.4665985;17.46;C40H58N4O;C38H60N4O;0;0;656;17626;70951;31188
403;520.339681;13.24;C33H45NO4 - C28H45N3O6;C26H47N3O6;0;0;0;12103;55937;24391
404;287.0547638;3.07;C16H6N4O2 - C15H10O6 - C10H10N2O8;C14H8N4O2 - C13H12O6;0;0;292;11042;32431;27562
405;317.0657349;3.31;C17H8N4O3 - C16H12O7;C15H10N4O3 - C14H14O7;0;0;52;3922;32012;42522
406;609.1823883;4.4;C34H28N2O9 - C29H28N4O11 - C28H32O15 - C23H32N2O17 - C16H36N2O22;C32H30N2O9 - C27H30N4O11 - C26H34O15 - C20H34N4O16;0;0;202;9320;27800;23918
407;209.1528257;1.09;C13H20O2 - C8H20N2O4;C11H22O2;2183;7436;26359;20191;25036;32400
408;578.2854004;23.23;;;0;0;0;13634;41852;30958
409;480.3082479;18.12;C25H41N3O6;C23H43N3O6;0;0;0;5559;27211;13379
410;463.1237259;3.9;C23H18N4O7 - C17H22N2O13;C21H20N4O7;0;0;146;7401;29208;33927
411;578.2857056;22.89;;;0;0;0;15633;52420;38357
412;387.2011871;1.21;C20H26N4O4 - C19H30O8 - C14H30N2O10;C18H28N4O4 - C17H32O8;32;18017;17765;13438;31788;32419
413;495.1141357;1.75;C28H18N2O7 - C23H18N4O9 - C22H22O13 - C17H22N2O15;C21H20N4O9 - C20H24O13;0;0;0;5342;33230;36463
414;595.165802;2.13;C33H26N2O9 - C28H26N4O11 - C27H30O15 - C22H30N2O17 - C15H34N2O22;C31H28N2O9 - C26H28N4O11 - C25H32O15 - C19H32N4O16;0;0;0;3415;35214;37886
415;773.5196075;19.77;;;0;0;31150;89988;39482;10457
416;607.2541657;18.64;C35H34N4O6 - C29H38N2O12 - C22H42N2O17;C33H36N4O6 - C26H40N4O11 - C25H44O15 - C20H44N2O17;0;5735;4184;12943;32056;15592
417;268.2187744;29.45;;;0;25725;8807;14783;27456;2675
418;205.0855637;16.53;C12H12O3 - C7H12N2O5;C10H14O3;159785;53654;47854;66692;59588;35312
419;643.2892151;25;C39H38N4O5 - C33H42N2O11 - C26H46N2O16 - C21H46N4O18;C37H40N4O5 - C30H44N4O10 - C31H44N2O11 - C29H48O14 - C24H48N2O16;4961;14117;9752;19574;19416;18396
420;657.2562447;16.86;C40H36N2O7 - C35H36N4O9 - C34H40O13 - C28H40N4O14 - C29H40N2O15 - C27H44O18 - C22H44N2O20;C38H38N2O7 - C33H38N4O9 - C32H42O13 - C26H42N4O14;0;1507;0;18411;23315;13223
421;303.0503184;2.32;C16H6N4O3 - C15H10O7;C14H8N4O3 - C13H12O7;0;0;0;4989;22527;20969
422;879.4015808;18.42;C45H58N4O14;C43H60N4O14;0;0;410;20342;23917;6842
423;479.2637711;11.23;C27H34N4O4 - C21H38N2O10;;5044;1247;561;11430;15535;2976
424;522.3545736;14.79;C33H47NO4 - C28H47N3O6;C31H49NO4 - C26H49N3O6;0;0;0;3543;21398;14897
425;773.5187317;17.55;;;0;614;1283;4748;20062;7615
426;663.1510519;3.34;C37H26O12 - C31H26N4O13 - C32H26N2O14 - C25H30N2O19 - C20H30N4O21 - C18H34N2O24;C35H28O12 - C29H28N4O13 - C23H32N2O19 - C18H32N4O21 - C16H36N2O24;0;0;0;2648;18056;16342
427;478.292155;12.91;C30H39NO4 - C25H39N3O6;C23H41N3O6;0;0;0;1277;15407;1025
428;479.1179886;3.39;C23H18N4O8 - C22H22O12 - C17H22N2O14;C26H20N2O6 - C21H20N4O8 - C20H24O12;0;0;73;2511;12133;7165
429;317.0658112;4.48;C17H8N4O3 - C16H12O7;C15H10N4O3 - C14H14O7;0;0;336;6692;18693;16828
430;449.1078377;1.9;C22H16N4O7 - C21H20O11 - C16H20N2O13;C25H18N2O5 - C20H18N4O7 - C19H22O11 - C12H26O16;0;0;70;9376;38314;36661
431;291.1949539;8.81;C18H26O3 - C13H26N2O5;C16H28O3;7276;6550;5572;8065;9119;2123
432;595.1657512;4.72;C33H26N2O9 - C28H26N4O11 - C27H30O15 - C22H30N2O17 - C15H34N2O22;C31H28N2O9 - C26H28N4O11 - C25H32O15 - C19H32N4O16;0;0;0;3563;11530;10379
433;331.2839152;17.88;C20H34N4 - C19H38O4;C18H36N4;0;0;0;2761;26792;12285
434;859.1677144;3.08;C37H34N2O22 - C32H34N4O24 - C30H38N2O27 - C31H38O28 - C25H38N4O29;C40H36O20 - C35H36N2O22 - C30H36N4O24 - C33H40O25 - C28H40N2O27 - C29H40O28 - C23H40N4O29;0;0;0;2617;15765;6070
435;219.0983124;2.97;;;5609;6944;19020;18686;18242;7953
436;419.0966606;3.31;C21H14N4O6 - C20H18O10 - C15H18N2O12;C19H16N4O6 - C18H20O10;0;0;44;7129;20428;935
437;381.0774902;0.75;;;21;0;414;14973;54622;162689
438;463.1231278;5.06;C22H22O11 - C17H22N2O13;C20H24O11;0;602;9080;9178;24739;74037
439;301.0698318;3.82;C17H8N4O2 - C16H12O6 - C11H12N2O8;C15H10N4O2 - C14H14O6;0;0;124;2916;17460;60780
440;765.3094482;16.53;C42H44N4O10 - C41H48O14 - C36H48N2O16 - C31H48N4O18 - C29H52N2O21 - C30H52O22 - C24H52N4O23;C45H46N2O8 - C40H46N4O10 - C39H50O14 - C33H50N4O15 - C34H50N2O16 - C32H54O19 - C27H54N2O21;37870;50454;52902;51396;60581;67261
441;535.4292603;28.8;C40H54 - C35H54N2O2 - C28H58N2O7;C38H56 - C31H60O5;0;33576;56825;15370;4599;32891
442;278.1233215;0.88;C11H19NO7;C9H21NO7;24;561;492;6927;20534;55624
443;773.5191803;22.64;;;8811;182578;67391;33052;44352;33269
444;465.1031138;0.76;C22H16N4O8 - C21H20O12 - C16H20N2O14;C25H18N2O6 - C20H18N4O8 - C19H22O12;0;0;0;12938;55339;50896
445;355.1022369;1.06;C17H14N4O5 - C16H18O9 - C11H18N2O11;C15H16N4O5 - C14H20O9;0;120;722;2754;20119;44804
446;479.1181831;4.09;C17H22N2O14;;0;0;611;7568;19937;39617
447;339.1063105;1.19;C16H18O8 - C11H18N2O10;C14H20O8;51;770;427;3442;23975;35418
448;453.3214811;24.04;C21H44N2O8;;1956;1083;227;756;1370;21658
449;635.2862732;22.98;C42H38N2O4 - C37H38N4O6 - C36H42O10 - C30H42N4O11 - C31H42N2O12 - C29H46O15 - C24H46N2O17;C40H40N2O4 - C35H40N4O6 - C34H44O10 - C28H44N4O11 - C27H48O15 - C22H48N2O17;0;11115;14925;23819;27171;17937
450;641.1719971;1.45;C34H28N2O11 - C29H28N4O13 - C28H32O17 - C23H32N2O19 - C16H36N2O24;C32H30N2O11 - C27H30N4O13 - C26H34O17 - C20H34N4O18;0;0;0;268;5697;10205
451;484.2522838;0.99;C31H33NO4 - C24H37NO9 - C19H37N3O11;C22H39NO9 - C17H39N3O11;0;0;0;1952;10499;30794